"BRNCH_NO","MSTN_TYPE_KND","PRSNTN_TM","REF_NO","INPT_TM","NTFCTN_LVL","HUR","LAT","LOT","PSTN","SCL","REF_MTTR","MDFCN_MTTR","MAAS_OBNT_DT","CRT_SN","OCRN_DPTH","DTL_INFO_URI","ERQK_NO","INTENSITY_DST_CODE"
"지점번호","재난유형종류","발표시각","참고번호","입력시각","통보레벨","시","위도","경도","위치","규모","참고사항","수정사항","행정안전부입수일시","생성일련번호","발생깊이","상세정보URI","지진번호","INTENSITY_DST_CODE"
"108","1","2015-10-11 00:59:09.000","130","2015/10/11 00:59:40","1","20151011005506","33.26","127.05","제주 서귀포시 성산 남동쪽 21km 해역","2.3","피해 없을 것으로 예상함","","2015/10/11 00:59:40","20000907","","","",""
"108","1","2015-10-26 23:32:35.000","138","2015/10/26 23:33:12","1","20151026232905","34.09","126.85","전남 완도군 남남동쪽 26km 해역","2.1","피해 없을 것으로 예상함","","2015/10/26 23:33:12","20000908","","","",""
"108","1","2015-10-30 15:20:02.000","139","2015/10/30 15:20:31","1","20151030151729","35.75","129.36","경북 경주시 남동쪽 16km 지역","2.6","피해 없을 것으로 예상함","","2015/10/30 15:20:31","20000909","","","",""
"108","1","2015-11-13 20:07:02.000","143","2015/11/13 20:07:26","1","20151113200433","35.8","129.4","경북 경주시 동남동쪽 17km 지역","2.2","피해 없을 것으로 예상함","","2015/11/13 20:07:26","20000910","","","",""
"108","1","2015-11-14 06:06:08.000","144","2015/11/14 06:06:48","1","20151114055100","30.9","128.7","일본 가고시마현(규슈) 가고시마 서남서쪽 193km 해역","7.0","이 지진으로 인하여 제주 및 남부 지역 일대에서 지진동이 감지되었음. 위 자료는 일본기상청(JMA) 분석결과임.","","2015/11/14 06:06:48","20000911","","","",""
"108","1","2015-11-24 11:31:14.000","148","2015/11/24 11:31:54","1","20151124112752","35.67","129.82","울산 동구 동북동쪽 41km 해역","3.2","피해 없을 것으로 예상함","","2015/11/24 11:31:54","20000912","","","",""
"108","1","2015-11-24 14:13:07.000","149","2015/11/24 14:13:28","1","20151124141001","35.66","129.82","울산 동구 동북동쪽 40km 해역","2.4","피해 없을 것으로 예상함","","2015/11/24 14:13:28","20000913","","","",""
"108","1","2015-12-11 01:27:24.000","156","2015/12/11 01:27:48","1","20151211012517","36.9","126.58","충남 당진시 서북서쪽 5km 지역","2.0","피해 없을 것으로 예상함","","2015/12/11 01:27:48","20000914","","","",""
"108","1","2015-12-22 04:35:47.000","161","2015/12/22 10:27:29","1","20151222043125","36.02","126.95","전북 익산시 북쪽 8km 지역","3.5","이 지진정보는 자동계기분석 결과이며 상세분석 후 변경될 수 있음. KBS, MBC, SBS, YTN은 지진발생현황을 자막방송 협조 바람. 이 지진으로 인하여 전북 지역에서 지진동이 감지되었음.","","2015/12/22 10:27:29","20000915","","","",""
"108","1","2016-01-06 20:42:17.000","7","2016/01/06 20:42:45","1","20160106203904","36.01","128.07","경북 김천시 남쪽 14km 지역","3.0","피해 없을 것으로 예상함","","2016/01/06 20:42:45","20000916","","","",""
"108","1","2009-03-24 19:56:00.000","104","2009/03/24 19:56:00","1","20090324194754","35.11","129.53","부산 기장군 동남동쪽 31km 해역","3.1","이 지진정보는 자동계기분석 결과이며, 상세분석 후 변경될 수 있음.
신고된 피해없음.","","2009/03/24 19:57:13","15000161","","","",""
"108","1","2009-03-26 02:35:00.000","109","2009/03/26 02:35:00","1","20090326023214","33.38","127.14","제주 제주시 동남동쪽 58km 해역","2.3","이 지진정보는 자동계기분석 결과이며, 상세분석 후 변경될 수 있음.
신고된 피해없음.","","2009/03/26 02:36:08","15000162","","","",""
"108","1","2009-03-26 21:17:00.000","110","2009/03/26 21:17:00","1","20090326211102","35.11","129.68","부산 기장군 동남동쪽 44km 해역","2.3","이 지진정보는 자동계기분석 결과이며, 상세분석 후 변경될 수 있음.
신고된 피해없음.","","2009/03/26 21:18:12","15000163","","","",""
"108","1","2009-03-26 22:25:00.000","112","2009/03/26 22:25:00","1","20090326222125","38.09","127.11","경기 연천군 동쪽 3km 지역","2.7","이 지진정보는 자동계기분석 결과이며, 상세분석 후 변경될 수 있음.
신고된 피해없음.","","2009/03/26 22:26:12","15000164","","","",""
"108","1","2009-03-30 06:02:00.000","118","2009/03/30 06:02:00","1","20090330055817","36.21","128.08","경북 김천시 북쪽 8km 지역","2.3","이 지진정보는 자동계기분석 결과이며, 상세분석 후 변경될 수 있음.
신고된 피해없음.","","2009/03/30 06:03:30","20000165","","","",""
"108","1","2009-04-02 20:31:00.000","119","2009/04/02 20:31:00","1","20090402202800","37.6","125.95","인천 강화군 서남서쪽 50km 해역","3.0","이 지진정보는 자동계기분석 결과이며, 상세분석 후 변경될 수 있음.
신고된 피해없음.","","2009/04/02 20:34:34","20000166","","","",""
"108","1","2009-04-14 05:18:00.000","130","2009/04/14 05:18:00","1","20090414045133","38.45","125.65","황해북도 사리원 서남서쪽 11km 지역","2.5","이 지진정보는 자동계기분석 결과이며, 상세분석 후 변경될 수 있음.
자연지진임.","","2009/04/14 05:19:29","20000167","","","",""
"108","1","2016-08-18 17:13:11.000","222","2016/08/18 17:13:36","1","20160818170846","37.18","125.46","인천 옹진군 연평도 남남서쪽 58km 해역","2.1","피해 없을 것으로 예상함","","2016/08/18 17:13:36","25000961","","","",""
"108","1","2016-08-28 23:30:40.000","252","2016/08/28 23:29:38","1","20160828232719","35.64","127.47","전북 장수군 서쪽 5km 지역","2.3","피해 없을 것으로 예상함","","2016/08/28 23:29:38","25000966","","","",""
"108","1","2016-09-15 03:24:46.000","388","2016/09/15 03:23:36","1","20160915032228","35.76","129.18","경북 경주시 남남서쪽 9km 지역","2.7","9월 12일 발생한 규모 5.8 경주 지진의 여진임. 피해 없을 것으로 예상함.","","2016/09/15 03:23:36","25000974","","","",""
"108","1","2016-09-16 15:16:07.000","424","2016/09/16 15:15:12","1","20160916151318","35.76","129.17","경북 경주시 남남서쪽 10km 지역","2.3","9월 12일 발생한 규모 5.8 경주 지진의 여진임. 피해 없을 것으로 예상함.","","2016/09/16 15:15:12","25000978","","","",""
"108","1","2016-09-16 19:57:56.000","425","2016/09/16 19:56:52","1","20160916195446","35.74","129.17","경북 경주시 남남서쪽 12km 지역","2.1","9월 12일 발생한 규모 5.8 경주 지진의 여진임. 피해 없을 것으로 예상함.","","2016/09/16 19:56:52","25000979","","","",""
"108","1","2016-09-20 20:05:57.000","498","2016/09/20 20:04:46","1","20160920200327","35.77","129.19","경북 경주시 남남서쪽 8km 지역","2.1","9월 12일 발생한 규모 5.8 경주지진의 여진임. 피해 없을 것으로 예상함","","2016/09/20 20:04:46","25000990","","","",""
"108","1","2016-09-28 21:13:31.000","557","2016/09/28 21:12:22","1","20160928211034","35.77","129.17","경북 경주시 남남서쪽 9km 지역","2.7","9월 12일 발생한 규모 5.8 경주지진의 여진임. 피해 없을 것으로 예상함","","2016/09/28 21:12:22","25001001","","","",""
"108","1","2016-09-30 11:12:25.000","558","2016/09/30 11:11:13","1","20160930110947","35.76","129.18","경북 경주시 남남서쪽 9km 지역","2.1","9월 12일 발생한 규모 5.8 경주 지진의 여진임. 피해 없을 것으로 예상함","","2016/09/30 11:11:13","25001002","","","",""
"108","1","2016-09-30 16:28:08.000","559","2016/09/30 16:27:08","1","20160930162416","35.77","129.16","경북 경주시 남남서쪽 9km 지역","2.0","9월 12일 발생한 규모 5.8 경주 지진의 여진임. 피해 없을 것으로 예상함","","2016/09/30 16:27:08","25001003","","","",""
"108","1","2016-09-30 18:09:28.000","560","2016/09/30 18:08:13","1","20160930180636","35.76","129.16","경북 경주시 남남서쪽 10km 지역","2.3","9월 12일 발생한 규모 5.8 경주 지진의 여진임. 피해 없을 것으로 예상함","","2016/09/30 18:08:13","25001004","","","",""
"108","1","2016-09-30 21:54:46.000","563","2016/10/01 12:52:43","1","20160930215249","35.75","129.18","경북 경주시 남남서쪽 10km 지역","2.2","9월 12일 발생한 규모 5.8 경주 지진의 여진임. 피해 없을 것으로 예상함","","2016/10/01 12:52:43","25001005","","","",""
"108","1","2009-04-18 20:22:00.000","135","2009/04/18 20:22:00","1","20090418201901","33.39","127.07","제주 제주시 동남동쪽 51km 해역","2.5","이 지진정보는 자동계기분석 결과이며, 상세분석 후 변경될 수 있음.
신고된 피해없음.","","2009/04/18 20:22:52","20000168","","","",""
"108","1","2009-04-21 17:50:00.000","136","2009/04/21 17:50:00","1","20090421174457","35.45","128.22","경남 의령군 북북서쪽 15km 지역","2.0","이 지진정보는 자동계기분석 결과이며, 상세분석 후 변경될 수 있음.
신고된 피해없음.","","2009/04/21 17:50:30","20000169","","","",""
"108","1","2009-04-29 12:21:00.000","142","2009/04/29 12:21:00","1","20090429121542","33.45","127.46","제주 제주시 동쪽 86km 해역","3.2","이 지진정보는 자동계기분석 결과이며, 상세분석 후 변경될 수 있음.
신고된 피해없음.","","2009/04/29 12:20:51","20000170","","","",""
"108","1","2009-05-02 08:05:00.000","145","2009/05/02 08:05:00","3","20090502075827","36.61","128.76","경북 안동시 북북동쪽 6km 지역","3.8","이 지진정보는 자동계기분석 결과이며 상세분석 후 변경될 수 있음.
KBS, MBC, SBS, YTN은 지진발생현황을 자막방송 협조 바람.","","2009/05/02 08:06:19","20000171","","","",""
"108","1","2009-05-02 12:32:00.000","148","2009/05/02 12:32:00","1","20090502122829","36.57","128.71","경북 안동시 서북서쪽 2km 지역","2.6","이 지진정보는 자동계기분석 결과이며 상세분석 후 변경될 수 있음.","","2009/05/02 12:33:58","20000172","","","",""
"108","1","2009-05-14 20:53:00.000","163","2009/05/14 20:53:00","1","20090514205012","36.28","127.12","충남 논산시 북쪽 11km 지역","2.1","이 지진정보는 자동계기분석 결과이며, 상세분석 후 변경될 수 있음.
신고된 피해없음.","","2009/05/14 20:54:53","20000173","","","",""
"108","1","2009-05-15 22:44:00.000","164","2009/05/15 22:44:00","1","20090515224131","36.57","126.44","충남 홍성군 서쪽 20km 해역","2.2","이 지진정보는 자동계기분석 결과이며, 상세분석 후 변경될 수 있음.
신고된 피해없음.","","2009/05/15 22:45:26","20000174","","","",""
"108","1","2009-05-25 18:16:00.000","184","2009/05/25 18:16:00","1","20090525181230","36.95","129.33","경북 울진군 남서쪽 8km 지역","2.4","이 지진정보는 자동계기분석 결과이며, 상세분석 후 변경될 수 있음.
신고된 피해없음.","","2009/05/25 18:17:08","20000175","","","",""
"108","1","2009-05-26 19:04:00.000","188","2009/05/26 19:04:00","1","20090526185902","36.57","129.22","경북 영양군 남동쪽 14km 지역","2.2","이 지진정보는 자동계기분석 결과이며, 상세분석 후 변경될 수 있음.
신고된 피해없음.","","2009/05/26 19:05:49","20000176","","","",""
"108","1","2009-05-31 00:14:00.000","195","2009/05/31 00:14:00","1","20090531001058","33.52","125.85","제주 제주시 서쪽 63km 해역","2.5","이 지진정보는 자동계기분석 결과이며, 상세분석 후 변경될 수 있음.
신고된 피해없음.","","2009/05/31 02:02:35","20000178","","","",""
"108","1","2009-05-31 15:30:00.000","198","2009/05/31 15:30:00","1","20090531152407","38.6","126.43","황해북도 신계 북서쪽 14km 지역","2.3","이 지진정보는 자동계기분석 결과이며, 상세분석 후 변경될 수 있음.
신고된 피해없음.
자연지진임.","","2009/05/31 15:31:28","20000179","","","",""
"108","1","2009-06-03 16:03:00.000","200","2009/06/03 16:03:00","1","20090603155602","33.19","126.33","제주 서귀포시 서남서쪽 18km 해역","2.4","이 지진정보는 자동계기분석 결과이며, 상세분석 후 변경될 수 있음.
신고된 피해없음.","","2009/06/03 16:04:28","20000180","","","",""
"108","1","2009-06-03 20:25:00.000","202","2009/06/03 20:25:00","1","20090603200938","38.57","126.5","황해북도 신계 북북서쪽 9km 지역","2.9","이 지진정보는 자동계기분석 결과이며, 상세분석 후 변경될 수 있음. 자연지진임","","2009/06/03 20:26:48","20000181","","","",""
"108","1","2009-06-06 00:52:00.000","207","2009/06/06 00:52:00","1","20090606004942","38.63","127.44","강원 회양(북한) 서남서쪽 16km 지역","2.8","이 지진정보는 자동계기분석 결과이며, 상세분석 후 변경될 수 있음.
신고된 피해없음.","","2009/06/06 00:52:52","20000182","","","",""
"108","1","2009-06-06 02:00:00.000","208","2009/06/06 02:00:00","1","20090606015639","35.13","125.14","전남 신안군 흑산면 북북서쪽 61km 해역","2.2","이 지진정보는 자동계기분석 결과이며, 상세분석 후 변경될 수 있음.
신고된 피해없음.","","2009/06/06 02:00:53","20000183","","","",""
"108","1","2009-06-20 04:13:00.000","225","2009/06/20 04:13:00","1","20090620040551","37.09","124.8","충남 태안군 서격렬비열도 북서쪽 85km 해역","2.6","이 지진정보는 자동계기분석 결과이며, 상세분석 후 변경될 수 있음.
신고된 피해없음.","","2009/06/20 04:14:31","20000184","","","",""
"108","1","2009-06-20 21:36:00.000","226","2009/06/20 21:36:00","1","20090620211452","38.03","126.62","개성(북한) 북동쪽 8km 지역","2.2","이 지진정보는 자동계기분석 결과이며, 상세분석 후 변경될 수 있음.
신고된 피해없음.

자연지진임.","","2009/06/20 21:36:28","20000185","","","",""
"108","1","2009-06-25 13:25:00.000","239","2009/06/25 13:25:00","1","20090625130601","39.31","126.06","평안남도 성천 서북서쪽 15km 지역","2.2","이 지진정보는 자동계기분석 결과이며, 상세분석 후 변경될 수 있음.
자연지진임.","","2009/06/25 13:24:28","20000186","","","",""
"108","2","2025-12-08 23:27:00.000","1417","","","20251208231500","41","142.3","일본 아오모리현 아오모리시 동쪽 133km 해역","7.2","국내영향없음. 위 자료는 일본기상청(JMA) 분석결과임.","","2025/12/08 23:27:43","25002165","50","","2025010006",""
"108","3","2025-12-13 21:33:00.000","1438","","","20251213213051","33.52","125.85","제주 제주시 서쪽 63km 해역","2.3","지진피해 없을 것으로 예상됨","","2025/12/13 21:33:37","25002170","19","http://www.weather.go.kr/w/XML/INTENSITY/i_3_20251213213051.html","2025010230",""
"108","2","2025-12-30 17:20:00.000","1500","","","20251230171200","27.8","128.6","일본 오키나와현 나하시 북북동쪽 199km 해역","5.6","국내영향없음. 위 자료는 일본기상청(JMA) 분석결과임.","","2025/12/30 17:21:09","25002178","","","2025010776",""
"108","2","2026-01-01 11:14:00.000","2","","","20260101105301","-45.67","96.32","남동인도양 해령","6.0","국내영향없음. 위 자료는 미국지질조사소(USGS) 분석결과임.","","2026/01/01 11:14:56","25002179","10","","2026000008",""
"108","3","2026-01-03 14:31:00.000","11","","","20260103142719","37.86","129.47","강원 동해시 북동쪽 49km 해역","2.2","지진피해 없을 것으로 예상됨","","2026/01/03 14:31:19","25002181","","http://www.weather.go.kr/w/XML/INTENSITY/i_3_20260103142719.html","2026000056",""
"108","3","2026-01-12 16:53:00.000","49","","","20260112165101","35.77","128.68","대구 달성군 동쪽 22km 지역","2.0","지진피해 없을 것으로 예상됨","","2026/01/12 16:53:28","25002188","8","http://www.weather.go.kr/w/XML/INTENSITY/i_3_20260112165101.html","2026000303",""
"108","1","2009-06-28 22:13:00.000","247","2009/06/28 22:13:00","1","20090628220748","35.78","128.29","경북 고령군 북북동쪽 7km 지역","3.0","이 지진정보는 자동계기분석 결과이며, 상세분석 후 변경될 수 있음.
신고된 피해없음.","","2009/06/28 22:13:50","20000187","","","",""
"108","1","2009-06-29 11:56:00.000","248","2009/06/29 11:56:00","1","20090629115253","37.14","126.02","충남 태안군 북북서쪽 51km 해역","2.5","이 지진정보는 자동계기분석 결과이며, 상세분석 후 변경될 수 있음.
신고된 피해없음.","","2009/06/29 11:58:00","20000188","","","",""
"108","1","2009-07-01 09:25:00.000","249","2009/07/01 09:25:00","1","20090701085504","37.75","124.9","인천 백령도 남동쪽 30km 해역","2.5","이 지진정보는 자동계기분석 결과이며, 상세분석 후 변경될 수 있음.
신고된 피해없음.","","2009/07/01 09:26:29","20000189","","","",""
"108","1","2009-07-15 04:09:00.000","262","2009/07/15 04:09:00","1","20090715040450","35.12","125.12","전남 신안군 흑산면 북북서쪽 61km 해역","3.1","이 지진정보는 자동계기분석 결과이며, 상세분석 후 변경될 수 있음.
신고된 피해없음.","","2009/07/15 04:10:28","20000190","","","",""
"108","1","2009-07-17 13:22:00.000","267","2009/07/17 13:22:00","1","20090717131405","38.44","126.14","황해북도 평산 서북서쪽 25km 지역","2.4","이 지진정보는 자동계기분석 결과이며, 상세분석 후 변경될 수 있음.
신고된 피해없음.
자연지짐임.","","2009/07/17 13:23:29","20000191","","","",""
"108","1","2009-07-30 09:31:00.000","276","2009/07/30 09:31:00","1","20090730092737","35.5","126.29","전남 영광군 북서쪽 32km 해역","2.6","이 지진정보는 자동계기분석 결과이며, 상세분석 후 변경될 수 있음.
신고된 피해없음.","","2009/07/30 09:31:29","20000192","","","",""
"108","1","2009-08-15 03:23:00.000","289","2009/08/15 03:23:00","1","20090815031812","36.53","129.58","경북 영덕군 북동쪽 23km 해역","2.2","이 지진정보는 자동계기분석 결과이며, 상세분석 후 변경될 수 있음.
신고된 피해없음.","","2009/08/15 03:23:51","20000193","","","",""
"108","1","2009-08-17 15:29:00.000","292","2009/08/17 15:29:00","1","20090817152422","36.55","129.58","경북 영덕군 북동쪽 24km 해역","2.3","이 지진정보는 자동계기분석 결과이며, 상세분석 후 변경될 수 있음.
신고된 피해없음.","","2009/08/17 15:29:37","20000194","","","",""
"108","1","2009-08-21 23:16:00.000","300","2009/08/21 23:16:00","1","20090821230222","38.82","125.79","황해북도 송림 북동쪽 16km 지역","3.8","이 지진정보는 자동계기분석 결과이며, 상세분석 후 변경될 수 있음.
자연지진임.","","2009/08/21 23:21:29","20000195","","","",""
"108","1","2009-08-25 23:15:00.000","306","2009/08/25 23:15:00","1","20090825230829","37.69","124.55","인천 백령도 남남서쪽 31km 해역","2.4","이 지진정보는 자동계기분석 결과이며, 상세분석 후 변경될 수 있음.
신고된 피해없음.","","2009/08/25 23:16:29","20000196","","","",""
"108","1","2009-10-01 21:38:00.000","345","2009/10/01 21:38:00","1","20091001213005","38.12","126.02","황해남도 해주 동북동쪽 28km 지역","2.9","이 지진정보는 자동계기분석 결과이며, 상세분석 후 변경될 수 있음.
자연지진임.","","2009/10/01 21:40:09","20000197","","","",""
"108","1","2009-10-04 12:49:00.000","348","2009/10/04 12:49:00","1","20091004120005","39.37","125.97","평안남도 평성 북북동쪽 17km 지역","2.4","이 지진정보는 자동계기분석 결과이며, 상세분석 후 변경될 수 있음.
자연지진임.","","2009/10/04 12:55:08","20000198","","","",""
"108","1","2009-10-16 13:19:00.000","357","2009/10/16 13:19:00","1","20091016131224","33.52","125.86","제주 제주시 서쪽 62km 해역","2.3","이 지진정보는 자동계기분석 결과이며, 상세분석 후 변경될 수 있음.
신고된 피해없음.","","2009/10/16 13:17:29","20000199","","","",""
"108","1","2009-11-05 04:47:00.000","375","2009/11/05 04:47:00","1","20091105043125","38.4","124.55","황해남도 장연 서북서쪽 50km 해역","2.5","이 지진정보는 자동계기분석 결과이며, 상세분석 후 변경될 수 있음.
자연지진임.","","2009/11/05 04:47:30","20000200","","","",""
"108","1","2009-11-14 21:31:00.000","392","2009/11/14 21:31:00","1","20091114212757","34.81","127.93","경남 남해군 남동쪽 4km 지역","2.5","이 지진정보는 자동계기분석 결과이며, 상세분석 후 변경될 수 있음.
신고된 피해없음.","","2009/11/14 23:38:28","20000203","","","",""
"108","1","2009-11-27 10:37:00.000","399","2009/11/27 10:37:00","1","20091127103440","37.69","129.57","강원 동해시 동북동쪽 44km 해역","2.4","이 지진정보는 자동계기분석 결과이며, 상세분석 후 변경될 수 있음.
신고된 피해없음.","","2009/11/27 10:40:30","20000205","","","",""
"110","1","2009-11-30 12:00:00.000","650","2009/11/30 12:00:00","1","20091130120500","36.86","126.72","충남 당진군 동남동쪽 9km 지역","7.2","2009 지진 및 지진해일 도상훈련과 관련하여 내륙 지진통보를 다음과 같이 발령합니다.


기상청 지진/지진해일 도상훈련 본부장","","2009/11/30 12:06:19","20000208","","","",""
"108","1","2016-07-09 13:36:54.000","182","2016/07/09 13:36:48","1","20160709131648","38.69","125.83","황해북도 송림 동남동쪽 18km 지역","2.6","자연지진으로 분석됨","","2016/07/09 13:36:48","25000956","","","",""
"108","1","2016-08-28 21:48:41.000","249","2016/08/28 21:48:03","1","20160828212755","38.65","127.16","강원 평강(북한) 북북서쪽 29km 지역","2.4","자연지진으로 분석됨","","2016/08/28 21:48:03","25000965","","","",""
"108","1","2016-08-30 00:41:46.000","256","2016/08/30 00:40:54","1","20160830003946","35.55","128.03","경남 합천군 서쪽 13km 지역","2.6","피해 없을 것으로 예상함","","2016/08/30 00:40:54","25000967","","","",""
"108","1","2016-09-13 08:29:05.000","362","2016/09/13 08:27:10","1","20160913082447","35.76","129.17","경북 경주시 남남서쪽 10km 지역","3.2","9월 12일 발생한 규모 5.8 경주지진의 여진임.","","2016/09/13 08:27:10","25000971","","","",""
"108","1","2016-09-19 20:37:50.000","486","2016/09/19 20:36:45","1","20160919203358","35.74","129.18","경북 경주시 남남서쪽 11km 지역","4.5","9월 12일 발생한 규모 5.8 경주 지진의 여진임.","","2016/09/19 20:36:45","25000986","","","",""
"108","1","2016-09-21 01:02:12.000","501","2016/09/21 01:01:26","1","20160921005911","35.76","129.18","경북 경주시 남남서쪽 9km 지역","2.1","9월 12일 발생한 규모 5.8 경주지진의 여진임. 피해 없을 것으로 예상함","","2016/09/21 01:01:26","25000991","","","",""
"108","1","2016-09-24 19:59:30.000","542","2016/09/24 19:58:18","1","20160924195621","35.79","129.19","경북 경주시 남남서쪽 6km 지역","2.5","9월 12일 발생한 규모 5.8 경주지진의 여진임. 피해 없을 것으로 예상함","","2016/09/24 19:58:18","25000998","","","",""
"108","1","2016-10-01 13:06:52.000","576","2016/10/01 13:05:38","1","20161001130416","35.76","129.18","경북 경주시 남남서쪽 9km 지역","2.0","9월 12일 발생한 규모 5.8 경주 지진의 여진임. 피해 없을 것으로 예상함","","2016/10/01 13:05:38","25001006","","","",""
"108","1","2016-10-01 17:03:08.000","583","2016/10/01 17:01:58","1","20161001170034","35.76","129.18","경북 경주시 남남서쪽 9km 지역","2.3","9월 12일 발생한 규모 5.8 경주 지진의 여진임. 피해 없을 것으로 예상함","","2016/10/01 17:01:58","25001007","","","",""
"108","1","2010-03-09 12:52:00.000","84","2010/03/09 12:52:00","1","20100309125014","36.42","125.75","충남 태안군 서격렬비열도 남동쪽 28km 해역","3.2","이 지진정보는 자동계기분석 결과이며, 상세분석 후 변경될 수 있음.
신고된 피해없음.","","2010/03/09 12:58:28","20000319","","","",""
"108","1","2010-04-04 12:55:00.000","116","2010/04/04 12:55:00","1","20100404124950","38.51","126.06","황해북도 사리원 동쪽 26km 지역","2.3","이 지진정보는 자동계기분석 결과이며, 상세분석 후 변경될 수 있음.
자연지진임.","","2010/04/04 12:56:28","20000320","","","",""
"108","1","2010-04-12 01:21:00.000","138","2010/04/12 01:21:00","1","20100412011827","34.12","125.66","전남 신안군 흑산면 남남동쪽 61km 해역","2.2","이 지진정보는 자동계기분석 결과이며, 상세분석 후 변경될 수 있음.
피해 예상 안됨.","","2010/04/12 01:22:38","20000321","","","",""
"108","1","2010-04-13 02:18:00.000","141","2010/04/13 02:18:00","1","20100413021421","34.02","125.44","전남 신안군 흑산면 남쪽 70km 해역","2.5","이 지진정보는 자동계기분석 결과이며, 상세분석 후 변경될 수 있음.
피해 예상 안됨.","","2010/04/13 02:19:18","20000322","","","",""
"108","1","2010-04-16 20:05:00.000","145","2010/04/16 20:05:00","1","20100416195611","38.72","125.97","황해북도 송림 동쪽 29km 지역","2.3","이 지진정보는 자동계기분석 결과이며, 상세분석 후 변경될 수 있음.
피해 예상 안됨.","","2010/04/16 20:07:01","20000323","","","",""
"108","1","2010-04-27 19:33:00.000","158","2010/04/27 19:33:00","1","20100427192916","36.8","128.75","경북 안동시 북쪽 26km 지역","2.3","이 지진정보는 자동계기분석 결과이며, 상세분석 후 변경될 수 있음.
피해 예상 안됨.","","2010/04/27 19:34:14","20000324","","","",""
"108","1","2010-05-15 14:47:00.000","172","2010/05/15 14:47:00","1","20100515144459","36","127.84","전북 무주군 동쪽 16km 지역","2.2","자동계기분석 결과이며, 상세분석 후 변경될 수 있음.
피해 없을 것으로 예상","","2010/05/15 14:49:11","20000326","","","",""
"108","1","2010-05-16 14:57:00.000","173","2010/05/16 14:57:00","1","20100516143657","40.37","129.2","함경남도 단천 동남동쪽 26km 해역","2.5","이 지진정보는 자동계기분석 결과이며, 상세분석 후 변경될 수 있음.
자연지진임.","","2010/05/16 14:57:51","20000327","","","",""
"108","1","2010-05-26 15:26:00.000","202","2010/05/26 15:26:00","1","20100526152216","37.6","129.68","강원 삼척시 동북동쪽 48km 해역","2.4","자동계기분석 결과이며, 상세분석 후 변경될 수 있음.
피해 없을 것으로 예상","","2010/05/26 15:27:28","20000328","","","",""
"108","1","2010-06-11 13:38:00.000","228","2010/06/11 13:38:00","1","20100611130208","38.78","126.07","황해북도 송림 동쪽 38km 지역","2.1","이 지진정보는 자동계기분석 결과이며, 상세분석 후 변경될 수 있음.
자연지진임.","","2010/06/11 13:40:09","20000329","","","",""
"108","1","2010-06-22 22:52:00.000","264","2010/06/22 22:52:00","1","20100622222102","38.46","125.64","황해북도 사리원 서남서쪽 12km 지역","2.6","자연지진임.","","2010/06/22 22:53:55","20000330","","","",""
"108","1","2010-06-26 05:04:00.000","274","2010/06/26 05:04:00","1","20100626045909","32.35","125.88","제주 서귀포시 남남서쪽 116km 해역","2.7","자동계기분석 결과이며, 상세분석 후 변경될 수 있음.
피해 없을 것으로 예상","","2010/06/26 05:16:05","20000331","","","",""
"108","1","2009-11-14 05:31:00.000","387","2009/11/14 05:31:00","1","20091114052842","35.64","126.98","전북 정읍시 북동쪽 14km 지역","2.3","이 지진정보는 자동계기분석 결과이며, 상세분석 후 변경될 수 있음.
신고된 피해없음.","","2009/11/14 05:33:50","20000201","","","",""
"108","1","2009-11-17 05:41:00.000","396","2009/11/17 05:41:00","1","20091117053849","36.07","126.93","전북 익산시 북쪽 14km 지역","2.3","이 지진정보는 자동계기분석 결과이며, 상세분석 후 변경될 수 있음.
신고된 피해없음","","2009/11/17 05:46:28","20000204","","","",""
"110","1","2009-11-30 11:30:00.000","401","2009/11/30 10:30:00","1","20091130102500","36.86","126.72","충남 당진군 동남동쪽 9km 지역","7.2","2009 지진 및 지진해일 도상훈련과 관련하여 내륙 지진통보를 다음과 같이 발령합니다.


기상청 지진/지진해일 도상훈련 본부장","","2009/11/30 10:46:51","20000206","","","",""
"110","1","2009-11-30 11:30:00.000","403","2009/11/30 10:30:00","1","20091130102500","36.86","126.72","충남 당진군 동남동쪽 9km 지역","7.2","2009 지진 및 지진해일 도상훈련과 관련하여 내륙 지진통보를 다음과 같이 발령합니다.


기상청 지진/지진해일 도상훈련 본부장","","2009/11/30 11:32:05","20000207","","","",""
"110","1","2009-12-21 17:05:00.000","654","2009/12/21 17:05:00","1","20091221170500","36.86","126.72","(훈련)충남 당진군 동남동쪽 9km 지역","1.2","2009 지진 및 지진해일 도상훈련과 관련하여 내륙 지진통보를 다음과 같이 발령합니다.


기상청 지진/지진해일 도상훈련 본부장","","2009/12/21 19:21:04","20000306","","","",""
"108","1","2016-06-07 16:09:25.000","151","2016/06/07 16:09:10","1","20160607160642","33.05","126.17","제주 제주시 고산 남쪽 27km 해역","2.3","피해 없을 것으로 예상함","","2016/06/07 16:09:10","25000948","","","",""
"108","1","2016-07-05 21:26:15.000","180","2016/07/05 21:25:41","1","20160705212435","35.51","129.87","울산 동구 동쪽 41km 해역","2.6","피해 없을 것으로 예상함","","2016/07/05 21:25:41","25000954","","","",""
"108","1","2016-07-09 04:50:58.000","181","2016/07/09 04:50:23","1","20160709044752","35.48","129.97","울산 동구 동쪽 50km 해역","2.3","피해 없을 것으로 예상함","","2016/07/09 04:50:23","25000955","","","",""
"108","1","2016-08-16 12:01:59.000","216","2016/08/16 12:02:19","1","20160816115740","36.76","128.84","경북 안동시 북북동쪽 24km 지역","2.0","피해 없을 것으로 예상함","","2016/08/16 12:02:19","25000959","","","",""
"108","1","2016-08-18 22:47:56.000","225","2016/08/18 22:48:46","1","20160818222110","38.84","125.7","황해북도 송림 북북동쪽 13km 지역","2.6","자연지진으로 분석됨 피해 없을 것으로 예상함","","2016/08/18 22:48:46","25000962","","","",""
