"AWS_OBSVTR_CD","NDMS_PRSNTN_TM","PRSNTN_SN","FCAST","SPNE_PRSNTN_CD","TTL","RLVT_ZONE","SPNE_FRMNT_TM_TXT","PRSNTN_CN","SPNE_FRMNT_STTS_DT","SPNE_FRMNT_STTS_CN","RSRV_SPNE_FRMNT_STTS","REF_MTTR","MAAS_OBTN_YMD"
"AWS관측소코드","NDMS발표시각","발표일련번호","예보관","특보발표코드","제목","해당구역","특보발효시각텍스트","발표내용","특보발효상태일시","특보발효상태내용","예비특보발효상태","참고사항","행정안전부입수일자"
"112         ","20120830040000","32","문*만","1","풍랑주의보 발표","(1) 풍랑주의보 발표 : 서해중부앞바다(경기북부앞바다, 인천·경기남부앞바다)","(1) 풍랑주의보 발표 : 2012년 08월 30일 07시 00분","(1)  풍랑주의보 발표
  o 예상 풍향 풍속: N-NE, 12-18m/s
  o 예상 파고: 2~4m
  o 해제 예고: 31일 오후","2012/08/30 07:00:00.000000000","o 풍랑주의보 : 서해중부전해상","(1) 태풍 예비특보
o 08월 30일 오후 : 서해5도, 서해중부앞바다(경기북부앞바다, 인천·경기남부앞바다)
o 08월 30일 밤 : 인천광역시","o 없음","2012/08/30 04:05:52.000000000"
"131         ","20120830103000","34","차*정","1","태풍주의보 대치","(1) 태풍주의보 대치 : 충청북도","(1) 태풍주의보 대치 : 2012년 08월 30일 12시 00분","(1)  태풍주의보 대치
  o 예상 풍향 풍속: NE-SE, 14-24m/s
  o 현재 강수량(30일 0시 ~ 현재): 5~20mm
  o 예상 강수량(현재~31일 오전까지): 40~100mm, 많은 곳 150mm이상
  o 총 예상 강수량: 50~110mm, 많은 곳 150mm이상","2012/08/30 12:00:00.000000000","o 태풍주의보 : 충청남도, 충청북도, 대전광역시, 세종특별자치시, 서해중부전해상
o 호우주의보 : 경기도(안산시, 수원시, 성남시, 오산시, 평택시, 군포시, 의왕시, 용인시, 이천시, 안성시, 화성시, 여주군, 광주시, 양평군)
o 풍랑주의보 : 서해중부전해상","o 없음","o 없음","2012/08/30 10:39:58.000000000"
"143         ","20120830125000","47","조*석","1","태풍주의보 대치·태풍주의보 발표","(1) 태풍주의보 발표 : 경상북도(김천시, 상주시, 문경시 제외), 대구광역시
(2) 태풍주의보 대치 : 경상북도(김천시, 상주시, 문경시)","(1) 태풍주의보 발표 : 2012년 08월 30일 14시 00분
(2) 태풍주의보 대치 : 2012년 08월 30일 14시 00분","(1)  태풍주의보 발표
  o 예상 풍향 풍속: NE-SE, 14-24m/s
  o 현재 강수량(30일 0시 ~ 현재): 10~50mm
  o 예상 강수량(현재~31일 오전까지): 30~100mm, 많은 곳 150mm이상
  o 총 예상 강수량: 30~120mm, 많은 곳 150mm이상
(2)  태풍주의보 대치
  o 예상 풍향 풍속: NE-SE, 14-24m/s
  o 현재 강수량(30일 0시 ~ 현재): 10~50mm
  o 예상 강수량(현재~31일 오전까지): 30~100mm, 많은 곳 150mm이상
  o 총 예상 강수량: 30~120mm, 많은 곳 150mm이상","2012/08/30 14:00:00.000000000","o 태풍경보 : 경상남도(통영시, 사천시, 거제시, 고성군, 남해군), 남해동부전해상
o 태풍주의보 : 경상북도, 경상남도(양산시, 창원시, 김해시, 밀양시, 의령군, 함안군, 창녕군, 진주시, 하동군, 산청군, 함양군, 거창군, 합천군), 대구광역시, 부산광역시, 울산광역시
o 풍랑주의보 : 동해남부전해상","(1) 태풍 예비특보
o 08월 30일 밤 : 동해남부앞바다(경북남부앞바다, 경북북부앞바다)","o 없음","2012/08/30 12:59:52.000000000"
"159         ","20120831093000","88","유*근","1","풍랑주의보 해제","(1) 풍랑주의보 해제 : 동해남부앞바다(울산앞바다)
(2) 풍랑주의보 해제 : 동해남부먼바다","(1) 풍랑주의보 해제 : 2012년 08월 31일 11시 00분
(2) 풍랑주의보 해제 : 2012년 08월 31일 12시 00분","(1) ,(2)  풍랑주의보 해제
  o 위 구역의 풍랑주의보를 해제함.","2012/08/31 12:00:00.000000000","o 없 음","o 없음","o 위 구역의 풍랑주의보는 해제되나, 일 중 2~3m의 약간 높은 물결이 일겠으므로 항해하거나 조업하는 선박은 주의바랍니다.","2012/08/31 09:30:19.000000000"
"108         ","20120901030000","1","이*선","1","풍랑주의보 해제","(1) 풍랑주의보 해제 : 동해중부앞바다","(1) 풍랑주의보 해제 : 2012년 09월 01일 05시 00분","(1)  풍랑주의보 해제
  o 위 구역의 풍랑주의보를 해제함.","2012/09/01 05:00:00.000000000","o 풍랑주의보 : 동해중부먼바다","o 없음","o 없음","2012/09/01 02:52:19.000000000"
"101         ","20120830125000","25","심*우","1","태풍주의보 대치·태풍주의보 발표","(1) 태풍주의보 발표 : 강원도(홍천군평지)
(2) 태풍주의보 대치 : 강원도(횡성군, 원주시)","(1) 태풍주의보 발표 : 2012년 08월 30일 14시 00분
(2) 태풍주의보 대치 : 2012년 08월 30일 14시 00분","(1)  태풍주의보 발표
  o 예상 풍향 풍속: NE-SE, 14-24m/s
  o 현재 강수량(30일 0시 ~ 현재): 10~50mm
  o 예상 강수량(현재~31일 오전까지): 30~100mm, 많은 곳 150mm이상
  o 총 예상 강수량: 30~120mm, 많은 곳 150mm이상
(2)  태풍주의보 대치
  o 예상 풍향 풍속: NE-SE, 14-24m/s
  o 현재 강수량(30일 0시 ~ 현재): 10~50mm
  o 예상 강수량(현재~31일 오전까지): 30~100mm, 많은 곳 150mm이상
  o 총 예상 강수량: 30~120mm, 많은 곳 150mm이상","2012/08/30 14:00:00.000000000","o 태풍주의보 : 강원도(강릉시평지, 강릉시산간, 동해시평지, 동해시산간, 태백시, 삼척시평지, 삼척시산간, 영월군, 평창군평지, 평창군산간, 정선군평지, 정선군산간, 횡성군, 원주시, 홍천군평지, 홍천군산간)","(1) 태풍 예비특보
o 08월 30일 밤 : 강원도(철원군, 화천군, 춘천시, 양구군)","o 태풍의 북상으로 강원도중남부에 태풍주의보를  발표하며, 그 밖의 강원도지방으로 태풍특보가 확대될 전망이니 앞으로 발표되는 태풍정보를 참고하여 주시기 바랍니다.","2012/08/30 13:06:05.000000000"
"146         ","20120816060000","26","우*호","1","호우주의보 해제","(1) 호우주의보 해제 : 전라북도(완주군, 진안군, 무주군, 장수군, 임실군, 순창군, 남원시)","(1) 호우주의보 해제 : 2012년 08월 16일 06시 00분","(1)  호우주의보 해제
  o 위 구역의 호우주의보를 해제함.","2012/08/16 06:00:00.000000000","o 호우경보 : 전라남도(장흥군)
o 호우주의보 : 전라남도(나주시, 담양군, 장성군, 화순군, 보성군, 해남군, 영암군, 무안군, 함평군, 영광군, 신안군(흑산면제외)), 흑산도.홍도, 광주광역시","o 없음","o 없음","2012/08/16 05:58:13.000000000"
"184         ","20120816060000","22","장*환","1","호우주의보 해제","(1) 호우주의보 해제 : 제주도(제주도남부)","(1) 호우주의보 해제 : 2012년 08월 16일 06시 00분","(1)  호우주의보 해제
  o 위 구역의 호우주의보를 해제함.","2012/08/16 06:00:00.000000000","o 없 음","o 없음","o 없음","2012/08/16 05:58:31.000000000"
"159         ","20120816060000","27","강*증","1","호우주의보 해제","(1) 호우주의보 해제 : 경상남도(거창군, 통영시)","(1) 호우주의보 해제 : 2012년 08월 16일 06시 00분","(1)  호우주의보 해제
  o 위 구역의 호우주의보를 해제함.","2012/08/16 06:00:00.000000000","o 없 음","o 없음","o 없음","2012/08/16 05:58:31.000000000"
"143         ","20120816060000","22","조*석","1","호우주의보 해제","(1) 호우주의보 해제 : 경상북도(예천군, 안동시)","(1) 호우주의보 해제 : 2012년 08월 16일 06시 00분","(1)  호우주의보 해제
  o 위 구역의 호우주의보를 해제함.","2012/08/16 06:00:00.000000000","o 없 음","o 없음","o 없음","2012/08/16 06:21:57.000000000"
"108         ","20120816073000","125","이*선","1","호우경보·호우주의보 해제","(1) 호우경보 해제 : 전라남도(장흥군)
(2) 호우주의보 해제 : 전라남도(화순군, 보성군, 해남군, 영암군)","(1) 호우경보 해제 : 2012년 08월 16일 07시 30분
(2) 호우주의보 해제 : 2012년 08월 16일 07시 30분","(1)  호우경보 해제
  o 위 구역의 호우경보를 해제함.
(2)  호우주의보 해제
  o 위 구역의 호우주의보를 해제함.","2012/08/16 08:00:00.000000000","o 호우경보 : 흑산도.홍도
o 호우주의보 : 전라남도(나주시, 담양군, 장성군, 무안군, 함평군, 영광군, 신안군(흑산면제외)), 광주광역시","o 없음","o 없음","2012/08/16 07:28:18.000000000"
"156         ","20120816073000","37","김*훈","1","호우경보·호우주의보 해제","(1) 호우경보 해제 : 전라남도(장흥군)
(2) 호우주의보 해제 : 전라남도(화순군, 보성군, 해남군, 영암군)","(1) 호우경보 해제 : 2012년 08월 16일 07시 30분
(2) 호우주의보 해제 : 2012년 08월 16일 07시 30분","(1)  호우경보 해제
  o 위 구역의 호우경보를 해제함.
(2)  호우주의보 해제
  o 위 구역의 호우주의보를 해제함.","2012/08/16 07:30:00.000000000","o 호우경보 : 흑산도.홍도
o 호우주의보 : 전라남도(나주시, 담양군, 장성군, 무안군, 함평군, 영광군, 신안군(흑산면제외)), 광주광역시","o 없음","o 없음","2012/08/16 07:28:32.000000000"
"108         ","20120816095000","126","이*병","1","호우주의보 발표","(1) 호우주의보 발표 : 충청남도(논산시, 금산군)
(2) 호우주의보 발표 : 전라북도(군산시, 익산시)","(1) 호우주의보 발표 : 2012년 08월 16일 09시 50분
(2) 호우주의보 발표 : 2012년 08월 16일 09시 50분","(1)  호우주의보 발표
  o 현재 강수량(16일 0시 ~ 현재): 40~90mm
  o 예상 강수량(현재~17일 오전까지): 30~50mm
  o 총 예상 강수량: 70~110mm, 많은 곳 130mm이상
(2)  호우주의보 발표
  o 현재 강수량(16일 4시 ~ 현재): 10~40mm
  o 예상 강수량(현재~16일 오후까지): 20~40mm
  o 총 예상 강수량: 30~80mm","2012/08/16 09:50:00.000000000","o 호우경보 : 흑산도.홍도
o 호우주의보 : 충청남도(논산시, 금산군), 전라남도(나주시, 담양군, 장성군, 무안군, 함평군, 영광군, 신안군(흑산면제외)), 전라북도(군산시, 익산시), 광주광역시","o 없음","o 없음","2012/08/16 09:54:29.000000000"
"108         ","20120816103000","127","이*병","1","호우경보·호우주의보 해제","(1) 호우경보 해제 : 흑산도.홍도
(2) 호우주의보 해제 : 전라남도(나주시, 담양군, 장성군, 무안군, 함평군, 영광군, 신안군(흑산면제외)), 광주광역시","(1) 호우경보 해제 : 2012년 08월 16일 10시 30분
(2) 호우주의보 해제 : 2012년 08월 16일 10시 30분","(1)  호우경보 해제
  o 위 구역의 호우경보를 해제함.
(2)  호우주의보 해제
  o 위 구역의 호우주의보를 해제함.","2012/08/16 10:30:00.000000000","o 호우주의보 : 충청남도(논산시, 금산군), 전라북도(군산시, 익산시)","o 없음","o 없음","2012/08/16 10:30:32.000000000"
"133         ","20120830170000","73","심*보","1","풍랑주의보 대치","(1) 풍랑주의보 대치 : 서해중부앞바다(충남북부앞바다, 충남남부앞바다), 서해중부먼바다","(1) 풍랑주의보 대치 : 2012년 08월 30일 19시 00분","(1)  풍랑주의보 대치
  o 예상 풍향 풍속: NW-N, 12-18m/s
  o 예상 파고: 2~4m
  o 해제 예고: 31일 새벽","2012/08/30 19:00:00.000000000","o 태풍주의보 : 경기도(안산시, 시흥시, 수원시, 성남시, 오산시, 평택시, 군포시, 의왕시, 용인시, 이천시, 안성시, 화성시, 여주군, 광주시, 양평군), 충청남도, 충청북도, 대전광역시, 세종특별자치시
o 풍랑주의보 : 서해중부전해상","o 없음","o 없음","2012/08/30 16:50:35.000000000"
"156         ","20120830190000","86","김*훈","1","풍랑주의보 해제","(1) 풍랑주의보 해제 : 전남중부서해앞바다( 평수구역 )","(1) 풍랑주의보 해제 : 2012년 08월 30일 19시 30분","(1)  풍랑주의보 해제
  o 위 구역의 풍랑주의보를 해제함.","9996/08/30 18:33:00.000000000","o 풍랑주의보 : 서해남부앞바다(전남중부서해앞바다)","o 없음","o 없음","2012/08/30 18:38:06.000000000"
"133         ","20120830190000","74","심*보","1","태풍주의보 해제","(1) 태풍주의보 해제 : 충청남도, 대전광역시, 세종특별자치시","(1) 태풍주의보 해제 : 2012년 08월 30일 21시 00분","(1)  태풍주의보 해제
  o 위 구역의 태풍주의보를 해제함.","2012/08/30 21:00:00.000000000","o 태풍주의보 : 충청북도
o 풍랑주의보 : 서해중부앞바다(충남북부앞바다, 충남남부앞바다), 서해중부먼바다","o 없음","o 없음","2012/08/30 18:57:34.000000000"
"156         ","20120817110000","43","주*돈","1","폭염주의보 발표","(1) 폭염주의보 발표 : 전라남도(나주시, 곡성군, 구례군, 화순군, 순천시, 함평군, 영광군), 광주광역시","(1) 폭염주의보 발표 : 2012년 08월 17일 11시 00분","(1)  폭염주의보 발표","2012/08/17 11:00:00.000000000","o 폭염주의보 : 전라남도(나주시, 곡성군, 구례군, 화순군, 순천시, 해남군, 완도군, 함평군, 영광군), 전라북도(고창군, 부안군, 김제시, 완주군, 순창군, 익산시, 정읍시, 전주시, 남원시), 광주광역시","o 없음","o 폭염특보가 발령되면 가급적 야외활동은 자제하고 물은 평소보다 자주 섭취하시기 바랍니다.
o 실내에서는 햇볕을 막아주고 통풍이 잘 되도록 환기합니다.
o 폭염특보 발표구역의 일최고열지수(Heat Index)는 36~45℃가 예상됩니다.
※ 열지수는 기온과 습도의 함수로써 체감하는 더위의 정도를 온도로 지수화한 것입니다.","2012/08/17 10:52:03.000000000"
"108         ","20120818011000","137","이*병","1","호우주의보 발표","(1) 호우주의보 발표 : 경상북도(안동시)","(1) 호우주의보 발표 : 2012년 08월 18일 01시 10분","(1)  호우주의보 발표
  o 현재 강수량(17일 21시 ~ 현재): 40~60mm
  o 예상 강수량(현재~18일 아침까지): 10~20mm
  o 총 예상 강수량: 50~80mm","2012/08/18 01:10:00.000000000","o 폭염주의보 : 전라남도(나주시, 곡성군, 구례군, 화순군, 순천시, 해남군, 완도군, 함평군, 영광군), 전라북도(고창군, 부안군, 김제시, 완주군, 순창군, 익산시, 정읍시, 전주시, 남원시), 경상북도(경산시, 청도군), 경상남도(김해시, 밀양시, 함안군, 창녕군, 하동군, 합천군, 사천시), 제주도(제주도서부, 제주도북부), 광주광역시, 대구광역시
o 호우주의보 : 경상북도(안동시)","o 없음","o 폭염특보가 발령되면 가급적 야외활동은 자제하고 물은 평소보다 자주 섭취하시기 바랍니다.
o 실내에서는 햇볕을 막아주고 통풍이 잘 되도록 환기합니다.
o 폭염특보 발표구역의 일최고열지수(Heat Index)는 35~45℃가 예상됩니다.
※ 열지수는 기온과 습도의 함수로써 체감하는 더위의 정도를 온도로 지수화한 것입니다.
o 대구, 광주, 전주 등 폭염특보가 발표된 지역에서는 고온으로 인하여 건강에 영향을 받을 수 있으니 주의하여 주시기 바랍니다.","2012/08/18 01:15:50.000000000"
"143         ","20120818011000","24","서*수","1","호우주의보 발표","(1) 호우주의보 발표 : 경상북도(안동시)","(1) 호우주의보 발표 : 2012년 08월 18일 01시 10분","(1)  호우주의보 발표
  o 현재 강수량(17일 21시 ~ 현재): 40~60mm
  o 예상 강수량(현재~18일 아침까지): 10~20mm
  o 총 예상 강수량: 50~80mm","2012/08/18 01:10:00.000000000","o 폭염주의보 : 경상북도(경산시, 청도군), 경상남도(김해시, 밀양시, 함안군, 창녕군, 하동군, 합천군, 사천시), 대구광역시
o 호우주의보 : 경상북도(안동시)","o 없음","o 없음","2012/08/18 01:16:07.000000000"
"109         ","20120819044000","34","김*욱","1","호우주의보 해제","(1) 호우주의보 해제 : 경기도(파주시)","(1) 호우주의보 해제 : 2012년 08월 19일 04시 40분","(1)  호우주의보 해제
  o 위 구역의 호우주의보를 해제함.","2012/08/19 04:40:00.000000000","o 호우주의보 : 경기도(동두천시, 연천군, 포천시)","o 없음","o 없음","2012/08/19 04:46:39.000000000"
"108         ","20120818023000","138","이*병","1","호우주의보 해제","(1) 호우주의보 해제 : 경상북도(안동시)","(1) 호우주의보 해제 : 2012년 08월 18일 02시 30분","(1)  호우주의보 해제
  o 위 구역의 호우주의보를 해제함.","2012/08/18 02:30:00.000000000","o 폭염주의보 : 전라남도(나주시, 곡성군, 구례군, 화순군, 순천시, 해남군, 완도군, 함평군, 영광군), 전라북도(고창군, 부안군, 김제시, 완주군, 순창군, 익산시, 정읍시, 전주시, 남원시), 경상북도(경산시, 청도군), 경상남도(김해시, 밀양시, 함안군, 창녕군, 하동군, 합천군, 사천시), 제주도(제주도서부, 제주도북부), 광주광역시, 대구광역시","o 없음","o 폭염특보가 발령되면 가급적 야외활동은 자제하고 물은 평소보다 자주 섭취하시기 바랍니다.
o 실내에서는 햇볕을 막아주고 통풍이 잘 되도록 환기합니다.
o 폭염특보 발표구역의 일최고열지수(Heat Index)는 35~45℃가 예상됩니다.
※ 열지수는 기온과 습도의 함수로써 체감하는 더위의 정도를 온도로 지수화한 것입니다.
o 대구, 광주, 전주 등 폭염특보가 발표된 지역에서는 고온으로 인하여 건강에 영향을 받을 수 있으니 주의하여 주시기 바랍니다.","2012/08/18 02:32:53.000000000"
"143         ","20120818023000","25","서*수","1","호우주의보 해제","(1) 호우주의보 해제 : 경상북도(안동시)","(1) 호우주의보 해제 : 2012년 08월 18일 02시 30분","(1)  호우주의보 해제
  o 위 구역의 호우주의보를 해제함.","2012/08/18 02:30:00.000000000","o 폭염주의보 : 경상북도(경산시, 청도군), 경상남도(김해시, 밀양시, 함안군, 창녕군, 하동군, 합천군, 사천시), 대구광역시","o 없음","o 없음","2012/08/18 02:33:36.000000000"
"108         ","20120816013000","116","이*선","1","호우주의보 발표","(1) 호우주의보 발표 : 전라남도(나주시, 해남군, 영암군)","(1) 호우주의보 발표 : 2012년 08월 16일 01시 30분","(1)  호우주의보 발표
  o 현재 강수량(16일 0시 ~ 현재): 0~10mm
  o 예상 강수량(현재~16일 낮까지): 30~80mm
  o 총 예상 강수량: 30~90mm","2012/08/16 01:30:00.000000000","o 호우경보 : 충청남도(논산시, 계룡시), 충청북도(옥천군), 전라북도(고창군, 부안군, 군산시, 익산시), 경상북도(상주시), 대전광역시
o 호우주의보 : 충청남도(금산군), 충청북도(보은군, 영동군), 전라남도(나주시, 담양군, 장성군, 해남군, 영암군, 무안군, 함평군, 영광군, 신안군(흑산면제외)), 전라북도(김제시, 완주군, 진안군, 무주군, 임실군, 순창군, 정읍시, 전주시), 경상북도(문경시, 예천군, 안동시), 광주광역시
o 풍랑주의보 : 동해중부먼바다
o 강풍주의보 : 울릉도독도","(1) 호우 예비특보
o 08월 16일 새벽 : 경상북도(영주시, 영양군산간, 봉화군평지, 봉화군산간, 울진군평지, 울진군산간)","o 없음","2012/08/16 01:38:05.000000000"
"156         ","20120816013000","30","김*훈","1","호우주의보 발표","(1) 호우주의보 발표 : 전라남도(나주시, 해남군, 영암군)","(1) 호우주의보 발표 : 2012년 08월 16일 01시 30분","(1)  호우주의보 발표
  o 현재 강수량(16일 0시 ~ 현재): 0~10mm
  o 예상 강수량(현재~16일 낮까지): 30~80mm
  o 총 예상 강수량: 30~90mm","2012/08/16 01:30:00.000000000","o 호우경보 : 전라북도(고창군, 부안군, 군산시, 익산시)
o 호우주의보 : 전라남도(나주시, 담양군, 장성군, 해남군, 영암군, 무안군, 함평군, 영광군, 신안군(흑산면제외)), 전라북도(김제시, 완주군, 진안군, 무주군, 임실군, 순창군, 정읍시, 전주시), 광주광역시","o 없음","o 없음","2012/08/16 01:38:06.000000000"
"108         ","20120816021500","117","이*선","1","호우주의보 발표","(1) 호우주의보 발표 : 전라북도(장수군, 남원시)","(1) 호우주의보 발표 : 2012년 08월 16일 02시 15분","(1)  호우주의보 발표
  o 현재 강수량(16일 0시 ~ 현재): 10~20mm
  o 예상 강수량(현재~16일 낮까지): 30~80mm, 많은 곳 150mm이상
  o 총 예상 강수량: 40~100mm, 많은 곳 150mm이상","2012/08/16 02:15:00.000000000","o 호우경보 : 충청남도(논산시, 계룡시), 충청북도(옥천군), 전라북도(고창군, 부안군, 군산시, 익산시), 경상북도(상주시), 대전광역시
o 호우주의보 : 충청남도(금산군), 충청북도(보은군, 영동군), 전라남도(나주시, 담양군, 장성군, 해남군, 영암군, 무안군, 함평군, 영광군, 신안군(흑산면제외)), 전라북도(김제시, 완주군, 진안군, 무주군, 장수군, 임실군, 순창군, 정읍시, 전주시, 남원시), 경상북도(문경시, 예천군, 안동시), 광주광역시
o 풍랑주의보 : 동해중부먼바다
o 강풍주의보 : 울릉도독도","(1) 호우 예비특보
o 08월 16일 새벽 : 경상북도(영주시, 영양군산간, 봉화군평지, 봉화군산간, 울진군평지, 울진군산간)","o 없음","2012/08/16 02:17:51.000000000"
"105","202512042030","15","김*학","1","대설주의보 해제","(1) 대설주의보 해제 : 강원도(춘천, 양구평지)","(1) 대설주의보 해제 : 2025년 12월 04일 20시 30분","","2025/12/04 20:30:00.000000000","o 풍랑주의보 : 동해중부안쪽먼바다, 동해중부바깥먼바다
o 대설주의보 : 강원도(홍천평지, 인제평지, 강원북부산지)
o 한파주의보 : 강원도(평창평지, 횡성, 철원, 화천, 홍천평지, 양구평지, 강원북부산지, 강원중부산지, 강원남부산지)
o 건조경보 : 강원도(강릉평지, 동해평지, 삼척평지, 속초평지, 고성평지, 양양평지)
o 건조주의보 : 강원도(태백, 강원북부산지, 강원중부산지, 강원남부산지)","o 없음","o 없음","2025/12/04 20:31:39.000000000"
"156         ","20120816024000","31","김*훈","1","호우주의보 발표","(1) 호우주의보 발표 : 전라남도(장흥군)","(1) 호우주의보 발표 : 2012년 08월 16일 02시 40분","(1)  호우주의보 발표
  o 현재 강수량(16일 0시 ~ 현재): 0~40mm
  o 예상 강수량(현재~16일 낮까지): 30~80mm
  o 총 예상 강수량: 30~90mm","2012/08/16 02:40:00.000000000","o 호우경보 : 전라북도(고창군, 부안군, 군산시, 익산시)
o 호우주의보 : 전라남도(나주시, 담양군, 장성군, 장흥군, 해남군, 영암군, 무안군, 함평군, 영광군, 신안군(흑산면제외)), 전라북도(김제시, 완주군, 진안군, 무주군, 장수군, 임실군, 순창군, 정읍시, 전주시, 남원시), 광주광역시","o 없음","o 없음","2012/08/16 02:45:20.000000000"
"184         ","20120816033000","21","장*환","1","호우주의보 발표","(1) 호우주의보 발표 : 제주도(제주도남부)","(1) 호우주의보 발표 : 2012년 08월 16일 03시 30분","(1)  호우주의보 발표
  o 현재 강수량(16일 0시 ~ 현재): 5~40mm
  o 예상 강수량(현재~16일 낮까지): 20~40mm
  o 총 예상 강수량: 20~80mm","2012/08/16 03:30:00.000000000","o 호우주의보 : 제주도(제주도남부)","o 없음","o 제주도 남부지역에는 시간당 20mm 내외의 강한 비가 내리는 곳이 있어 호우주의보를 발표하니 참고하시기 바랍니다.","2012/08/16 03:38:43.000000000"
"108         ","20120816060500","124","이*선","1","호우경보 대치","(1) 호우경보 대치 : 흑산도.홍도","(1) 호우경보 대치 : 2012년 08월 16일 06시 05분","(1)  호우경보 대치
  o 현재 강수량(16일 0시 ~ 현재): 20~90mm
  o 예상 강수량(현재~16일 낮까지): 30~80mm
  o 총 예상 강수량: 50~150mm","2012/08/16 08:00:00.000000000","o 호우경보 : 전라남도(장흥군), 흑산도.홍도
o 호우주의보 : 전라남도(나주시, 담양군, 장성군, 화순군, 보성군, 해남군, 영암군, 무안군, 함평군, 영광군, 신안군(흑산면제외)), 광주광역시","o 없음","o 없음","2012/08/16 06:07:44.000000000"
"156         ","20120816060500","36","김*훈","1","호우경보 대치","(1) 호우경보 대치 : 흑산도.홍도","(1) 호우경보 대치 : 2012년 08월 16일 06시 05분","(1)  호우경보 대치
  o 현재 강수량(16일 0시 ~ 현재): 20~90mm
  o 예상 강수량(현재~16일 낮까지): 30~80mm
  o 총 예상 강수량: 50~150mm","2012/08/16 06:05:00.000000000","o 호우경보 : 전라남도(장흥군), 흑산도.홍도
o 호우주의보 : 전라남도(나주시, 담양군, 장성군, 화순군, 보성군, 해남군, 영암군, 무안군, 함평군, 영광군, 신안군(흑산면제외)), 광주광역시","o 없음","o 없음","2012/08/16 06:07:51.000000000"
"133         ","20120816095000","40","김*석","1","호우주의보 발표","(1) 호우주의보 발표 : 충청남도(논산시, 금산군)","(1) 호우주의보 발표 : 2012년 08월 16일 09시 50분","(1)  호우주의보 발표
  o 현재 강수량(16일 0시 ~ 현재): 40~90mm
  o 예상 강수량(현재~17일 오전까지): 30~50mm
  o 총 예상 강수량: 70~110mm, 많은 곳 130mm이상","2012/08/16 09:50:00.000000000","o 호우주의보 : 충청남도(논산시, 금산군)","o 없음","o 충남 중남부지방을 중심으로 국지적으로 많은 비가 오겠으니, 비 피해에 만전을 기하시기 바랍니다.","2012/08/16 09:55:48.000000000"
"146         ","20120816095000","27","김*희","1","호우주의보 발표","(1) 호우주의보 발표 : 전라북도(군산시, 익산시)","(1) 호우주의보 발표 : 2012년 08월 16일 09시 50분","(1)  호우주의보 발표
  o 현재 강수량(16일 4시 ~ 현재): 10~40mm
  o 예상 강수량(현재~16일 오후까지): 20~40mm
  o 총 예상 강수량: 30~80mm","2012/08/16 09:50:00.000000000","o 호우경보 : 흑산도.홍도
o 호우주의보 : 전라남도(나주시, 담양군, 장성군, 무안군, 함평군, 영광군, 신안군(흑산면제외)), 전라북도(군산시, 익산시), 광주광역시","o 없음","o 없음","2012/08/16 09:57:11.000000000"
"184         ","20120816133000","23","오*학","1","폭염주의보 발표","(1) 폭염주의보 발표 : 제주도(제주도서부)","(1) 폭염주의보 발표 : 2012년 08월 16일 13시 30분","(1)  폭염주의보 발표","2012/08/16 13:30:00.000000000","o 폭염주의보 : 제주도(제주도서부)","o 없음","o 폭염특보가 발령되면 가급적 야외활동은 자제하고 물을 평소보다 자주 섭취하시기 바랍니다.
o 실내에서는 햇볕을 막아주고 통풍이 잘되도록 환기합니다.
o 폭염특보가 발표된 지역에서는 고온으로 인하여 건강에 영향을 받을 수 있으니 주의하여 주시기 바랍니다.","2012/08/16 13:36:04.000000000"
"131         ","20120816043000","22","차*정","1","호우경보·호우주의보 해제","(1) 호우경보 해제 : 충청북도(옥천군)
(2) 호우주의보 해제 : 충청북도(보은군)","(1) 호우경보 해제 : 2012년 08월 16일 04시 30분
(2) 호우주의보 해제 : 2012년 08월 16일 04시 30분","(1)  호우경보 해제
  o 위 구역의 호우경보를 해제함.
(2)  호우주의보 해제
  o 위 구역의 호우주의보를 해제함.","2012/08/16 04:30:00.000000000","o 호우주의보 : 충청북도(영동군)","o 없음","o 없음","2012/08/16 04:41:19.000000000"
"108         ","20120816173000","132","이*병","1","호우주의보 해제","(1) 호우주의보 해제 : 전라남도(광양시, 순천시), 경상남도(하동군)","(1) 호우주의보 해제 : 2012년 08월 16일 17시 30분","(1)  호우주의보 해제
  o 위 구역의 호우주의보를 해제함.","2012/08/16 17:30:00.000000000","o 폭염주의보 : 제주도(제주도서부)","o 없음","o 폭염특보가 발령되면 가급적 야외활동은 자제하고 물은 평소보다 자주 섭취하시기 바랍니다.
o 실내에서는 햇볕을 막아주고 통풍이 잘 되도록 환기합니다.
o 폭염특보 발표구역의 일최고열지수(Heat Index)는 34~45℃가 예상됩니다.
※ 열지수는 기온과 습도의 함수로써 체감하는 더위의 정도를 온도로 지수화한 것입니다.","2012/08/16 17:32:45.000000000"
"159         ","20120816144000","28","이*령","1","호우주의보 발표","(1) 호우주의보 발표 : 경상남도(하동군)","(1) 호우주의보 발표 : 2012년 08월 16일 14시 40분","(1)  호우주의보 발표
  o 현재 강수량(16일 13시 ~ 현재): 5~40mm
  o 예상 강수량(현재~16일 저녁까지): 30~60mm
  o 총 예상 강수량: 40~100mm","2012/08/16 14:40:00.000000000","o 호우주의보 : 경상남도(하동군)","o 없음","o 없음","2012/08/16 14:42:35.000000000"
"156         ","20120816163000","40","정*영","1","호우주의보 해제","(1) 호우주의보 해제 : 전라남도(보성군, 장흥군)","(1) 호우주의보 해제 : 2012년 08월 16일 16시 30분","(1)  호우주의보 해제
  o 위 구역의 호우주의보를 해제함.","2012/08/16 16:30:00.000000000","o 호우주의보 : 전라남도(광양시, 순천시)","o 없음","o 없음","2012/08/16 16:32:20.000000000"
"131         ","20120816192000","24","송*은","1","호우주의보 발표","(1) 호우주의보 발표 : 충청북도(음성군)","(1) 호우주의보 발표 : 2012년 08월 16일 19시 20분","(1)  호우주의보 발표
  o 현재 강수량(16일 0시 ~ 현재): 20~50mm
  o 예상 강수량(현재~17일 아침까지): 10~40mm
  o 총 예상 강수량: 50~90mm","2012/08/16 19:20:00.000000000","o 호우주의보 : 충청북도(음성군)","o 없음","o 없음","2012/08/16 19:22:33.000000000"
"143         ","20120817040000","23","한*덕","1","폭염주의보 발표","(1) 폭염주의보 발표 : 경상북도(경산시, 청도군), 대구광역시","(1) 폭염주의보 발표 : 2012년 08월 17일 11시 00분","(1)  폭염주의보 발표","2012/08/17 11:00:00.000000000","o 폭염주의보 : 경상북도(경산시, 청도군), 경상남도(김해시, 밀양시, 함안군, 창녕군, 하동군, 합천군, 사천시), 대구광역시","o 없음","o 폭염특보가 발령되면 가급적 야외활동은 자제하고 물을 평소보다 자주 섭취하시기 바랍니다.
o 실내에서는 햇볕을 막아주고 통풍이 잘되도록 환기합니다.
o 폭염특보 발표구역의 일최고열지수(Heat Index)는 32~40℃로 예상됩니다.
※ 열지수는 기온과 습도의 함수로써 체감하는 더위의 정도를 온도로 지수화한 것입니다.
o 대구광역시를 포함한 폭염특보가 발표된 곳에서는 고온으로 인하여 건강에 영향을 받을 수 있으니 주의하여 주시기 바랍니다.","2012/08/17 03:39:15.000000000"
"184         ","20120817110000","24","장*환","1","폭염주의보 발표","(1) 폭염주의보 발표 : 제주도(제주도북부)","(1) 폭염주의보 발표 : 2012년 08월 17일 11시 00분","(1)  폭염주의보 발표","2012/08/17 11:00:00.000000000","o 폭염주의보 : 제주도(제주도서부, 제주도북부)","o 없음","o 폭염특보가 발령되면 가급적 야외활동은 자제하고 물을 평소보다 자주 섭취하시기 바랍니다.
o 실내에서는 햇볕을 막아주고 통풍이 잘되도록 환기합니다.
o 폭염특보가 발표된 제주도 북부와 서부지역에서는 고온으로 인하여 건강에 영향을 받을 수 있으니 주의하여 주시기 바랍니다.","2012/08/17 10:47:25.000000000"
"105","202512042050","16","김*학","1","대설주의보 발표","(1) 대설주의보 발표 : 강원도(평창평지, 횡성)","(1) 대설주의보 발표 : 2025년 12월 04일 20시 50분","","2025/12/04 20:50:00.000000000","o 풍랑주의보 : 동해중부안쪽먼바다, 동해중부바깥먼바다
o 대설주의보 : 강원도(평창평지, 횡성, 홍천평지, 인제평지, 강원북부산지)
o 한파주의보 : 강원도(평창평지, 횡성, 철원, 화천, 홍천평지, 양구평지, 강원북부산지, 강원중부산지, 강원남부산지)
o 건조경보 : 강원도(강릉평지, 동해평지, 삼척평지, 속초평지, 고성평지, 양양평지)
o 건조주의보 : 강원도(태백, 강원북부산지, 강원중부산지, 강원남부산지)","o 없음","(1) 대설주의보 발표
o 현재 적설(4일 20시~현재): 1~2cm
o 예상 적설(현재~4일까지): 1~5cm
o 총 예상 적설: 2~6cm","2025/12/04 20:57:09.000000000"
"108         ","20120915203000","49","김*욱","1","풍랑주의보·호우주의보 발표","(1) 풍랑주의보 발표 : 남해동부먼바다
(2) 풍랑주의보 발표 : 남해서부먼바다, 제주도앞바다
(3) 호우주의보 발표 : 제주도(제주도산간)","(1) 풍랑주의보 발표 : 2012년 09월 15일 23시 00분
(2) 풍랑주의보 발표 : 2012년 09월 15일 23시 00분
(3) 호우주의보 발표 : 2012년 09월 16일 00시 00분","(1) 풍랑주의보 발표
  o 예상 풍향 풍속: NE-E, 14-18m/s
  o 예상 파고: 3~5m
  o 해제 예고: 18일 오후
(2) 풍랑주의보 발표
  o 예상 풍향 풍속: N-NE, 14-18m/s
  o 예상 파고: 3~5m
  o 해제 예고: 18일 오후
(3) 호우주의보 발표
  o 현재 강수량(15일 0시 ~ 현재): 0~10mm
  o 예상 강수량(현재~17일 낮까지): 100~200mm, 많은 곳 300mm이상
  o 총 예상 강수량: 100~200mm, 많은 곳 300mm이상","2012/09/16 00:00:00.000000000","o 호우주의보 : 제주도(제주도산간)
o 풍랑주의보 : 남해동부먼바다, 남해서부먼바다, 제주도전해상","(1) 호우 예비특보
o 09월 16일 새벽 : 제주도(제주도산간 제외)
o 09월 16일 아침 : 경상남도(창원시, 통영시, 사천시, 거제시, 고성군, 남해군), 부산광역시, 울산광역시
o 09월 16일 낮 : 경상북도(영덕군, 울진군평지, 포항시, 경주시)
o 09월 16일 오후 : 강원도(강릉시평지, 동해시평지, 삼척시평지, 속초시평지, 고성군평지, 양양군평지)
(2) 풍랑 예비특보
o 09월 16일 새벽 : 동해남부전해상, 남해동부앞바다, 남해서부앞바다
o 09월 16일 낮 : 동해중부전해상, 서해남부먼바다
o 09월 16일 늦은오후 : 서해남부앞바다
o 09월 16일 밤 : 서해중부먼바다
o 09월 17일 새벽 : 서해중부앞바다
(3) 태풍 예비특보
o 09월 16일 아침 : 제주도남쪽먼바다
o 09월 16일 오후 : 제주도, 남해동부먼바다, 남해서부먼바다, 제주도앞바다
o 09월 16일 밤 : 전라남도(고흥군, 보성군, 여수시, 광양시, 순천시, 장흥군, 강진군, 해남군, 완도군, 진도군), 흑산도.홍도, 경상남도(창원시, 하동군, 통영시, 사천시, 거제시, 고성군, 남해군), 부산광역시, 서해남부전해상, 남해동부앞바다, 남해서부앞바다
o 09월 17일 새벽 : 전라남도(나주시, 담양군, 곡성군, 구례","o 없음","2012/09/15 20:28:40.000000000"
"159         ","20120915203000","20","박*호","1","풍랑주의보 발표","(1) 풍랑주의보 발표 : 남해동부먼바다","(1) 풍랑주의보 발표 : 2012년 09월 15일 23시 00분","(1) 풍랑주의보 발표
  o 예상 풍향 풍속: NE-E, 14-18m/s
  o 예상 파고: 3~5m
  o 해제 예고: 18일 오후","2012/09/15 23:00:00.000000000","o 풍랑주의보 : 남해동부먼바다","(1) 풍랑 예비특보
o 09월 16일 새벽 : 동해남부앞바다(울산앞바다), 동해남부먼바다, 남해동부앞바다
(2) 호우 예비특보
o 09월 16일 아침 : 경상남도(창원시, 통영시, 사천시, 거제시, 고성군, 남해군), 부산광역시, 울산광역시
(3) 태풍 예비특보
o 09월 16일 오후 : 남해동부먼바다
o 09월 16일 밤 : 경상남도(창원시, 하동군, 통영시, 사천시, 거제시, 고성군, 남해군), 부산광역시, 남해동부앞바다
o 09월 17일 새벽 : 경상남도(양산시, 김해시, 밀양시, 의령군, 함안군, 창녕군, 진주시, 산청군, 함양군, 거창군, 합천군), 울산광역시, 동해남부앞바다(울산앞바다), 동해남부먼바다","o 없음","2012/09/15 20:28:47.000000000"
"143         ","20120915220000","8","강*규","1","호우주의보 발표","(1) 호우주의보 발표 : 경상북도(포항시, 경주시)","(1) 호우주의보 발표 : 2012년 09월 16일 02시 00분","(1) 호우주의보 발표
  o 현재 강수량(15일 0시 ~ 현재): 5~30mm
  o 예상 강수량(현재~17일 밤까지): 100~200mm, 많은 곳 300mm이상
  o 총 예상 강수량: 100~200mm, 많은 곳 300mm이상","2012/09/16 02:00:00.000000000","o 호우주의보 : 경상북도(포항시, 경주시), 경상남도(양산시, 창원시, 김해시), 부산광역시, 울산광역시
o 풍랑주의보 : 남해동부먼바다","(1) 풍랑 예비특보
o 09월 16일 새벽 : 동해남부앞바다(경북남부앞바다, 경북북부앞바다)
(2) 호우 예비특보
o 09월 16일 낮 : 경상북도(영덕군, 울진군평지)
(3) 태풍 예비특보
o 09월 17일 새벽 : 동해남부앞바다(경북남부앞바다, 경북북부앞바다)
o 09월 17일 오전 : 경상북도, 대구광역시","o 없음","2012/09/15 22:11:59.000000000"
"108         ","20120816163000","131","이*병","1","호우주의보 해제","(1) 호우주의보 해제 : 전라남도(보성군, 장흥군)","(1) 호우주의보 해제 : 2012년 08월 16일 16시 30분","(1)  호우주의보 해제
  o 위 구역의 호우주의보를 해제함.","2012/08/16 16:30:00.000000000","o 폭염주의보 : 제주도(제주도서부)
o 호우주의보 : 전라남도(광양시, 순천시), 경상남도(하동군)","o 없음","o 폭염특보가 발령되면 가급적 야외활동은 자제하고 물은 평소보다 자주 섭취하시기 바랍니다.
o 실내에서는 햇볕을 막아주고 통풍이 잘 되도록 환기합니다.
o 폭염특보 발표구역의 일최고열지수(Heat Index)는 34~45℃가 예상됩니다.
※ 열지수는 기온과 습도의 함수로써 체감하는 더위의 정도를 온도로 지수화한 것입니다.","2012/08/16 16:32:12.000000000"
"159         ","20120915220000","21","박*호","1","호우주의보 발표","(1) 호우주의보 발표 : 경상남도(양산시, 창원시, 김해시), 부산광역시, 울산광역시","(1) 호우주의보 발표 : 2012년 09월 16일 02시 00분","(1) 호우주의보 발표
  o 현재 강수량(15일 9시 ~ 현재): 5~50mm
  o 예상 강수량(현재~17일 밤까지): 100~200mm, 많은 곳 300mm이상
  o 총 예상 강수량: 110~250mm, 많은 곳 300mm이상","2012/09/16 02:00:00.000000000","o 호우주의보 : 경상북도(포항시, 경주시), 경상남도(양산시, 창원시, 김해시), 부산광역시, 울산광역시
o 풍랑주의보 : 남해동부먼바다","(1) 풍랑 예비특보
o 09월 16일 새벽 : 동해남부앞바다(울산앞바다), 동해남부먼바다, 남해동부앞바다
(2) 호우 예비특보
o 09월 16일 아침 : 경상남도(통영시, 사천시, 거제시, 고성군, 남해군)
(3) 태풍 예비특보
o 09월 16일 오후 : 남해동부먼바다
o 09월 16일 밤 : 경상남도(창원시, 하동군, 통영시, 사천시, 거제시, 고성군, 남해군), 부산광역시, 남해동부앞바다
o 09월 17일 새벽 : 경상남도(양산시, 김해시, 밀양시, 의령군, 함안군, 창녕군, 진주시, 산청군, 함양군, 거창군, 합천군), 울산광역시, 동해남부앞바다(울산앞바다), 동해남부먼바다","o 오늘 밤늦게부터 모레(17일)까지 부산과 울산 등 경남동쪽지방에서는 지형적인 영향으로 시간당 40~50mm의 매우 강한 비가 오겠고, 그 밖의 지방에서도 20~30mm의 강한 비가 오겠습니다. 따라서, 매우 강한 바람과 함께 많은 비로 인한 피해가 없도록 각별히 주의하시기 바랍니다.","2012/09/15 22:12:26.000000000"
"146         ","20120815212000","21","우*호","1","호우주의보 발표","(1) 호우주의보 발표 : 전라북도(고창군, 정읍시)","(1) 호우주의보 발표 : 2012년 08월 15일 21시 20분","(1)  호우주의보 발표
  o 현재 강수량(15일 19시 ~ 현재): 0~10mm
  o 예상 강수량(현재~16일 낮까지): 30~80mm, 많은 곳 150mm이상
  o 총 예상 강수량: 30~80mm, 많은 곳 150mm이상","2012/08/15 21:20:00.000000000","o 호우주의보 : 전라북도(고창군, 부안군, 군산시, 김제시, 완주군, 진안군, 무주군, 익산시, 정읍시, 전주시)","o 없음","o 없음","2012/08/15 21:26:47.000000000"
"108         ","20120815215000","110","이*선","1","호우주의보 발표","(1) 호우주의보 발표 : 충청북도(영동군)","(1) 호우주의보 발표 : 2012년 08월 15일 23시 00분","(1)  호우주의보 발표
  o 현재 강수량(15일 20시 ~ 현재): 0~10mm
  o 예상 강수량(현재~16일 낮까지): 30~80mm, 많은 곳 150mm이상
  o 총 예상 강수량: 30~80mm, 많은 곳 150mm이상","2012/08/15 23:00:00.000000000","o 호우경보 : 충청남도(공주시, 청양군, 보령시, 서천군, 계룡시), 충청북도(청주시, 청원군), 경상북도(상주시), 대전광역시, 세종특별자치시
o 호우주의보 : 충청남도(논산시, 금산군, 부여군), 충청북도(보은군, 괴산군, 옥천군, 영동군, 충주시, 제천시, 증평군), 전라북도(고창군, 부안군, 군산시, 김제시, 완주군, 진안군, 무주군, 익산시, 정읍시, 전주시), 경상북도(문경시, 예천군, 안동시)
o 풍랑주의보 : 동해중부먼바다
o 강풍주의보 : 울릉도독도","(1) 호우 예비특보
o 08월 15일 밤 : 충청북도(단양군), 경상북도(영주시, 영양군산간, 봉화군평지, 봉화군산간, 울진군평지, 울진군산간)","o 없음","2012/08/15 21:54:35.000000000"
"131         ","20120815215000","18","차*정","1","호우주의보 발표","(1) 호우주의보 발표 : 충청북도(영동군)","(1) 호우주의보 발표 : 2012년 08월 15일 23시 00분","(1)  호우주의보 발표
  o 현재 강수량(15일 20시 ~ 현재): 0~10mm
  o 예상 강수량(현재~16일 낮까지): 30~80mm, 많은 곳 150mm이상
  o 총 예상 강수량: 30~80mm, 많은 곳 150mm이상","2012/08/15 23:00:00.000000000","o 호우경보 : 충청남도(공주시, 청양군, 보령시, 서천군, 계룡시), 충청북도(청주시, 청원군), 대전광역시, 세종특별자치시
o 호우주의보 : 충청남도(논산시, 금산군, 부여군), 충청북도(보은군, 괴산군, 옥천군, 영동군, 충주시, 제천시, 증평군)","(1) 호우 예비특보
o 08월 15일 밤 : 충청북도(단양군)","< 강수 현황과 전망 > 
o 현재, 충청북도 대부분 지방에 호우특보가 발효 중인 가운데 강한 강수대가 위치한 남부지역을 중심으로, 돌풍과 천둥.번개를 동반한 시간당 40mm 내외의 매우 강한 비가 내리는 곳이 있습니다.  

* 예상강수량(15일 21시 30분 부터 16일 24시까지) 
- 충청북도 : 30~80mm (많은 곳 150mm 이상) 

o 오늘은 중부지방에 위치한 기압골 영향을 받겠으므로 흐리고 비가 오겠습니다.  

o 내일(16일)은 중부지방에서 남부지방으로 점차 남하하는 기압골 영향으로 흐리고 비가 오다가 오후 늦게 대부분
그치겠습니다. 

o 특히, 내일(16일) 낮까지  돌풍과 천둥.번개를 동반한 시간당 40mm 이상의 강한 비와 함께 150mm 이상의 매우 많은 비가 내리는 곳이 있겠으며, 이미 많은 비가 내린 지역에서는 지반이 매우 약해져 있으니, 산사태, 축대붕괴, 저지대 침수 등 비 피해가 없도록 철저히 대비하여 주시기 바랍니다.","2012/08/15 21:58:27.000000000"
"108         ","20120815223000","111","이*선","1","호우경보·호우주의보 해제","(1) 호우경보 해제 : 충청남도(공주시, 청양군, 보령시, 서천군), 세종특별자치시
(2) 호우주의보 해제 : 충청북도(충주시, 제천시, 증평군)","(1) 호우경보 해제 : 2012년 08월 15일 22시 30분
(2) 호우주의보 해제 : 2012년 08월 15일 22시 30분","(1)  호우경보 해제
  o 위 구역의 호우경보를 해제함.
(2)  호우주의보 해제
  o 위 구역의 호우주의보를 해제함.","2012/08/15 23:00:00.000000000","o 호우경보 : 충청남도(계룡시), 충청북도(청주시, 청원군), 경상북도(상주시), 대전광역시
o 호우주의보 : 충청남도(논산시, 금산군, 부여군), 충청북도(보은군, 괴산군, 옥천군, 영동군), 전라북도(고창군, 부안군, 군산시, 김제시, 완주군, 진안군, 무주군, 익산시, 정읍시, 전주시), 경상북도(문경시, 예천군, 안동시)
o 풍랑주의보 : 동해중부먼바다
o 강풍주의보 : 울릉도독도","(1) 호우 예비특보
o 08월 15일 밤 : 충청북도(단양군), 경상북도(영주시, 영양군산간, 봉화군평지, 봉화군산간, 울진군평지, 울진군산간)","o 없음","2012/08/15 22:31:38.000000000"
"131         ","20120815223000","19","차*정","1","호우주의보 해제","(1) 호우주의보 해제 : 충청북도(충주시, 제천시, 증평군)","(1) 호우주의보 해제 : 2012년 08월 15일 22시 30분","(1)  호우주의보 해제
  o 위 구역의 호우주의보를 해제함.","2012/08/15 23:00:00.000000000","o 호우경보 : 충청남도(계룡시), 충청북도(청주시, 청원군), 대전광역시
o 호우주의보 : 충청남도(논산시, 금산군, 부여군), 충청북도(보은군, 괴산군, 옥천군, 영동군)","(1) 호우 예비특보
o 08월 15일 밤 : 충청북도(단양군)","o 없음","2012/08/15 22:32:23.000000000"
"133         ","20120815223000","37","심*보","1","호우경보 해제","(1) 호우경보 해제 : 충청남도(공주시, 청양군, 보령시, 서천군), 세종특별자치시","(1) 호우경보 해제 : 2012년 08월 15일 22시 30분","(1)  호우경보 해제
  o 위 구역의 호우경보를 해제함.","2012/08/15 22:30:00.000000000","o 호우경보 : 충청남도(계룡시), 충청북도(청주시, 청원군), 대전광역시
o 호우주의보 : 충청남도(논산시, 금산군, 부여군), 충청북도(보은군, 괴산군, 옥천군)","o 없음","o 없음","2012/08/15 22:32:28.000000000"
"108         ","20120815230000","112","이*선","1","호우경보 대치·호우주의보 발표","(1) 호우주의보 발표 : 전라남도(영광군)
(2) 호우경보 대치 : 전라북도(부안군, 익산시)","(1) 호우주의보 발표 : 2012년 08월 15일 23시 00분
(2) 호우경보 대치 : 2012년 08월 15일 23시 00분","(1)  호우주의보 발표
  o 현재 강수량(15일 20시 ~ 현재): 0~10mm
  o 예상 강수량(현재~16일 낮까지): 30~80mm
  o 총 예상 강수량: 30~80mm
(2)  호우경보 대치
  o 현재 강수량(15일 15시 ~ 현재): 40~90mm
  o 예상 강수량(현재~16일 낮까지): 30~80mm, 많은 곳 150mm이상
  o 총 예상 강수량: 70~170mm, 많은 곳 200mm이상","2012/08/15 23:00:00.000000000","o 호우경보 : 충청남도(계룡시), 충청북도(청주시, 청원군), 전라북도(부안군, 익산시), 경상북도(상주시), 대전광역시
o 호우주의보 : 충청남도(논산시, 금산군, 부여군), 충청북도(보은군, 괴산군, 옥천군, 영동군), 전라남도(영광군), 전라북도(고창군, 군산시, 김제시, 완주군, 진안군, 무주군, 정읍시, 전주시), 경상북도(문경시, 예천군, 안동시)
o 풍랑주의보 : 동해중부먼바다
o 강풍주의보 : 울릉도독도","(1) 호우 예비특보
o 08월 16일 새벽 : 경상북도(영주시, 영양군산간, 봉화군평지, 봉화군산간, 울진군평지, 울진군산간)","o 없음","2012/08/15 23:02:11.000000000"
"146         ","20120815230000","22","우*호","1","호우경보 대치","(1) 호우경보 대치 : 전라북도(부안군, 익산시)","(1) 호우경보 대치 : 2012년 08월 15일 23시 00분","(1)  호우경보 대치
  o 현재 강수량(15일 15시 ~ 현재): 40~90mm
  o 예상 강수량(현재~16일 낮까지): 30~80mm, 많은 곳 150mm이상
  o 총 예상 강수량: 70~170mm, 많은 곳 200mm이상","2012/08/15 23:00:00.000000000","o 호우경보 : 전라북도(부안군, 익산시)
o 호우주의보 : 전라남도(영광군), 전라북도(고창군, 군산시, 김제시, 완주군, 진안군, 무주군, 정읍시, 전주시)","o 없음","o 없음","2012/08/15 23:02:30.000000000"
"184         ","20120830170000","68","장*환","1","풍랑주의보 대치","(1) 풍랑주의보 대치 : 남해서부먼바다","(1) 풍랑주의보 대치 : 2012년 08월 30일 19시 00분","(1)  풍랑주의보 대치
  o 예상 풍향 풍속: NW-N, 12-18m/s
  o 예상 파고: 2~4m
  o 해제 예고: 31일 새벽","2012/08/30 19:00:00.000000000","o 풍랑주의보 : 남해서부먼바다, 제주도전해상","o 없음","o 남해서부먼바다에 발효중이던 태풍경보는 30일 19시를 기하여 풍랑주의보로 대치합니다.","2012/08/30 16:49:13.000000000"
"159         ","20120830040000","79","이*령","1","태풍주의보 대치·태풍주의보 발표","(1) 태풍주의보 대치 : 남해동부먼바다
(2) 태풍주의보 발표 : 경상남도(하동군, 통영시, 사천시, 거제시, 고성군, 남해군)
(3) 태풍주의보 대치 : 남해동부앞바다","(1) 태풍주의보 대치 : 2012년 08월 30일 06시 00분
(2) 태풍주의보 발표 : 2012년 08월 30일 08시 00분
(3) 태풍주의보 대치 : 2012년 08월 30일 08시 00분","(1) ,(3)  태풍주의보 대치
  o 예상 풍향 풍속: E-SE, 16-22m/s
  o 예상 파고: 4~6m
(2)  태풍주의보 발표
  o 예상 풍향 풍속: E-SE, 16-22m/s
  o 현재 강수량(30일 0시 ~ 현재): 0~20mm
  o 예상 강수량(현재~31일 한밤까지): 40~100mm
  o 총 예상 강수량: 60~120mm","2012/08/30 08:00:00.000000000","o 태풍주의보 : 경상남도(하동군, 통영시, 사천시, 거제시, 고성군, 남해군), 남해동부전해상","(1) 태풍 예비특보
o 08월 30일 오전 : 경상남도(산청군, 함양군, 거창군)
(2) 풍랑 예비특보
o 08월 30일 낮 : 동해남부앞바다(울산앞바다), 동해남부먼바다","o 없음","2012/08/30 04:06:00.000000000"
"133         ","20120830040000","69","김*석","1","풍랑주의보 발표","(1) 풍랑주의보 발표 : 서해중부앞바다(충남북부앞바다, 충남남부앞바다), 서해중부먼바다","(1) 풍랑주의보 발표 : 2012년 08월 30일 07시 00분","(1)  풍랑주의보 발표
  o 예상 풍향 풍속: N-NE, 14-20m/s
  o 예상 파고: 3~5m
  o 해제 예고: 31일 오후","2012/08/30 07:00:00.000000000","o 풍랑주의보 : 서해중부전해상","(1) 태풍 예비특보
o 08월 30일 오후 : 충청남도, 대전광역시, 세종특별자치시, 서해중부앞바다(충남북부앞바다, 충남남부앞바다), 서해중부먼바다","o 태풍이 점차 북상하면서 서해중부해상의 풍랑특보는 태풍특보로 강화될 예정입니다.","2012/08/30 04:08:30.000000000"
"108         ","20120830053000","294","이*병","1","호우주의보 발표","(1) 호우주의보 발표 : 충청남도(공주시, 논산시, 부여군, 청양군, 예산군, 태안군, 당진시, 서산시, 보령시, 서천군, 홍성군)","(1) 호우주의보 발표 : 2012년 08월 30일 07시 00분","(1)  호우주의보 발표
  o 현재 강수량(30일 0시 ~ 현재): 5~30mm
  o 예상 강수량(현재~31일 낮까지): 40~80mm, 많은 곳 150mm이상
  o 총 예상 강수량: 50~100mm, 많은 곳 150mm이상","2012/08/30 08:00:00.000000000","o 태풍경보 : 흑산도.홍도, 제주도, 서해남부먼바다, 남해서부먼바다, 제주도전해상
o 태풍주의보 : 전라남도, 전라북도, 경상남도(하동군, 통영시, 사천시, 거제시, 고성군, 남해군), 광주광역시, 서해남부앞바다, 남해동부전해상, 남해서부앞바다
o 호우주의보 : 충청남도(공주시, 논산시, 부여군, 청양군, 예산군, 태안군, 당진시, 서산시, 보령시, 서천군, 홍성군)
o 풍랑주의보 : 서해중부전해상","(1) 태풍 예비특보
o 08월 30일 오전 : 경상남도(산청군, 함양군, 거창군)
o 08월 30일 오후 : 서해5도, 충청남도, 충청북도, 대전광역시, 세종특별자치시, 서해중부전해상
o 08월 30일 밤 : 경기도, 강원도, 서울특별시, 인천광역시
o 08월 30일 늦은밤 : 동해중부전해상
(2) 풍랑 예비특보
o 08월 30일 낮 : 동해남부전해상
o 08월 30일 오후 : 동해중부전해상","o 없음","2012/08/30 05:27:39.000000000"
"133         ","20120816003000","38","심*보","1","호우경보 대치·호우주의보 해제","(1) 호우경보 대치 : 충청남도(논산시)
(2) 호우주의보 해제 : 충청남도(부여군)","(1) 호우경보 대치 : 2012년 08월 16일 00시 30분
(2) 호우주의보 해제 : 2012년 08월 16일 00시 30분","(1)  호우경보 대치
  o 현재 강수량(15일 18시 ~ 현재): 80~90mm
  o 예상 강수량(현재~16일 오전까지): 30~60mm, 많은 곳 80mm이상
  o 총 예상 강수량: 120~150mm, 많은 곳 180mm이상
(2)  호우주의보 해제
  o 위 구역의 호우주의보를 해제함.","2012/08/16 00:30:00.000000000","o 호우경보 : 충청남도(논산시, 계룡시), 충청북도(옥천군), 대전광역시
o 호우주의보 : 충청남도(금산군), 충청북도(보은군, 영동군)","o 없음","o 없음","2012/08/16 00:38:36.000000000"
"108         ","20120816140000","129","이*병","1","호우주의보 해제","(1) 호우주의보 해제 : 충청남도(논산시, 금산군), 전라북도(군산시, 익산시)","(1) 호우주의보 해제 : 2012년 08월 16일 14시 00분","(1)  호우주의보 해제
  o 위 구역의 호우주의보를 해제함.","2012/08/16 14:00:00.000000000","o 폭염주의보 : 제주도(제주도서부)","o 없음","o 폭염특보가 발령되면 가급적 야외활동은 자제하고 물은 평소보다 자주 섭취하시기 바랍니다.
o 실내에서는 햇볕을 막아주고 통풍이 잘 되도록 환기합니다.
o 폭염특보 발표구역의 일최고열지수(Heat Index)는 34~45℃가 예상됩니다.
※ 열지수는 기온과 습도의 함수로써 체감하는 더위의 정도를 온도로 지수화한 것입니다.","2012/08/16 14:05:20.000000000"
"133         ","20120816140000","41","김*석","1","호우주의보 해제","(1) 호우주의보 해제 : 충청남도(논산시, 금산군)","(1) 호우주의보 해제 : 2012년 08월 16일 14시 00분","(1)  호우주의보 해제
  o 위 구역의 호우주의보를 해제함.","2012/08/16 14:00:00.000000000","o 없 음","o 없음","o 없음","2012/08/16 14:06:13.000000000"
"143         ","20120816043000","21","조*석","1","호우경보·호우주의보 해제","(1) 호우경보 해제 : 경상북도(상주시)
(2) 호우주의보 해제 : 경상북도(문경시)","(1) 호우경보 해제 : 2012년 08월 16일 04시 30분
(2) 호우주의보 해제 : 2012년 08월 16일 04시 30분","(1)  호우경보 해제
  o 위 구역의 호우경보를 해제함.
(2)  호우주의보 해제
  o 위 구역의 호우주의보를 해제함.","2012/08/16 04:30:00.000000000","o 호우주의보 : 경상북도(예천군, 안동시), 경상남도(거창군, 통영시)","o 없음","o 없음","2012/08/16 04:41:29.000000000"
"156         ","20120816043000","34","김*훈","1","호우주의보 발표","(1) 호우주의보 발표 : 전라남도(보성군)","(1) 호우주의보 발표 : 2012년 08월 16일 04시 30분","(1)  호우주의보 발표
  o 현재 강수량(16일 0시 ~ 현재): 5~40mm
  o 예상 강수량(현재~16일 낮까지): 30~80mm
  o 총 예상 강수량: 30~100mm","2012/08/16 04:30:00.000000000","o 호우경보 : 전라남도(장흥군)
o 호우주의보 : 전라남도(나주시, 담양군, 장성군, 화순군, 보성군, 해남군, 영암군, 무안군, 함평군, 영광군, 신안군(흑산면제외)), 전라북도(완주군, 진안군, 무주군, 장수군, 임실군, 순창군, 남원시), 광주광역시","o 없음","o 없음","2012/08/16 04:41:35.000000000"
"146         ","20120816043000","25","우*호","1","호우경보·호우주의보 해제","(1) 호우경보 해제 : 전라북도(고창군, 부안군, 군산시, 익산시)
(2) 호우주의보 해제 : 전라북도(김제시, 정읍시, 전주시)","(1) 호우경보 해제 : 2012년 08월 16일 04시 30분
(2) 호우주의보 해제 : 2012년 08월 16일 04시 30분","(1)  호우경보 해제
  o 위 구역의 호우경보를 해제함.
(2)  호우주의보 해제
  o 위 구역의 호우주의보를 해제함.","2012/08/16 04:30:00.000000000","o 호우경보 : 전라남도(장흥군)
o 호우주의보 : 전라남도(나주시, 담양군, 장성군, 화순군, 보성군, 해남군, 영암군, 무안군, 함평군, 영광군, 신안군(흑산면제외)), 전라북도(완주군, 진안군, 무주군, 장수군, 임실군, 순창군, 남원시), 광주광역시","o 없음","o 없음","2012/08/16 04:41:50.000000000"
"108         ","20120816054000","122","이*선","1","호우주의보 발표","(1) 호우주의보 발표 : 흑산도.홍도","(1) 호우주의보 발표 : 2012년 08월 16일 05시 40분","(1)  호우주의보 발표
  o 현재 강수량(16일 0시 ~ 현재): 20~50mm
  o 예상 강수량(현재~16일 낮까지): 30~80mm
  o 총 예상 강수량: 40~100mm","2012/08/16 05:40:00.000000000","o 호우경보 : 전라남도(장흥군)
o 호우주의보 : 충청북도(영동군), 전라남도(나주시, 담양군, 장성군, 화순군, 보성군, 해남군, 영암군, 무안군, 함평군, 영광군, 신안군(흑산면제외)), 흑산도.홍도, 전라북도(완주군, 진안군, 무주군, 장수군, 임실군, 순창군, 남원시), 경상북도(예천군, 안동시), 경상남도(거창군, 통영시), 제주도(제주도남부), 광주광역시
o 풍랑주의보 : 동해중부먼바다
o 강풍주의보 : 울릉도독도","o 없음","o 없음","2012/08/16 05:44:09.000000000"
"156         ","20120816054000","35","김*훈","1","호우주의보 발표","(1) 호우주의보 발표 : 흑산도.홍도","(1) 호우주의보 발표 : 2012년 08월 16일 05시 40분","(1)  호우주의보 발표
  o 현재 강수량(16일 0시 ~ 현재): 20~50mm
  o 예상 강수량(현재~16일 낮까지): 30~80mm
  o 총 예상 강수량: 40~100mm","2012/08/16 05:40:00.000000000","o 호우경보 : 전라남도(장흥군)
o 호우주의보 : 전라남도(나주시, 담양군, 장성군, 화순군, 보성군, 해남군, 영암군, 무안군, 함평군, 영광군, 신안군(흑산면제외)), 흑산도.홍도, 전라북도(완주군, 진안군, 무주군, 장수군, 임실군, 순창군, 남원시), 광주광역시","o 없음","o 없음","2012/08/16 05:44:16.000000000"
"105         ","20120816060000","16","송*규","1","강풍주의보·풍랑주의보 해제","(1) 강풍주의보 해제 : 울릉도독도
(2) 풍랑주의보 해제 : 동해중부먼바다","(1) 강풍주의보 해제 : 2012년 08월 16일 06시 00분
(2) 풍랑주의보 해제 : 2012년 08월 16일 08시 00분","(1)  강풍주의보 해제
  o 위 구역의 강풍주의보를 해제함.
(2)  풍랑주의보 해제
  o 위 구역의 풍랑주의보를 해제함.","2012/08/16 08:00:00.000000000","o 없 음","o 없음","o 없음","2012/08/16 05:58:00.000000000"
"131         ","20120816060000","23","차*정","1","호우주의보 해제","(1) 호우주의보 해제 : 충청북도(영동군)","(1) 호우주의보 해제 : 2012년 08월 16일 06시 00분","(1)  호우주의보 해제
  o 위 구역의 호우주의보를 해제함.","2012/08/16 06:00:00.000000000","o 없 음","o 없음","o 없음","2012/08/16 05:58:06.000000000"
"156         ","20120816103000","38","정*영","1","호우경보·호우주의보 해제","(1) 호우경보 해제 : 흑산도.홍도
(2) 호우주의보 해제 : 전라남도(나주시, 담양군, 장성군, 무안군, 함평군, 영광군, 신안군(흑산면제외)), 광주광역시","(1) 호우경보 해제 : 2012년 08월 16일 10시 30분
(2) 호우주의보 해제 : 2012년 08월 16일 10시 30분","(1)  호우경보 해제
  o 위 구역의 호우경보를 해제함.
(2)  호우주의보 해제
  o 위 구역의 호우주의보를 해제함.","2012/08/16 10:30:00.000000000","o 호우주의보 : 전라북도(군산시, 익산시)","o 없음","o 없음","2012/08/16 10:31:48.000000000"
"108         ","20120816133000","128","이*병","1","폭염주의보 발표","(1) 폭염주의보 발표 : 제주도(제주도서부)","(1) 폭염주의보 발표 : 2012년 08월 16일 13시 30분","(1)  폭염주의보 발표","2012/08/16 13:30:00.000000000","o 폭염주의보 : 제주도(제주도서부)
o 호우주의보 : 충청남도(논산시, 금산군), 전라북도(군산시, 익산시)","o 없음","o 폭염특보가 발령되면 가급적 야외활동은 자제하고 물은 평소보다 자주 섭취하시기 바랍니다.
o 실내에서는 햇볕을 막아주고 통풍이 잘 되도록 환기합니다.
o 폭염특보 발표구역의 일최고열지수(Heat Index)는 34~45℃가 예상됩니다.
※ 열지수는 기온과 습도의 함수로써 체감하는 더위의 정도를 온도로 지수화한 것입니다.","2012/08/16 13:34:06.000000000"
"146         ","20120816140000","28","김*희","1","호우주의보 해제","(1) 호우주의보 해제 : 전라북도(군산시, 익산시)","(1) 호우주의보 해제 : 2012년 08월 16일 14시 00분","(1)  호우주의보 해제
  o 위 구역의 호우주의보를 해제함.","2012/08/16 14:00:00.000000000","o 없 음","o 없음","o 없음","2012/08/16 14:04:30.000000000"
"108         ","20120818033000","139","이*병","1","호우주의보 발표","(1) 호우주의보 발표 : 서해5도","(1) 호우주의보 발표 : 2012년 08월 18일 03시 30분","(1)  호우주의보 발표
  o 현재 강수량(18일 0시 ~ 현재): 0~50mm
  o 예상 강수량(현재~18일 오후까지): 50~100mm
  o 총 예상 강수량: 100~150mm","2012/08/18 03:30:00.000000000","o 폭염주의보 : 전라남도(나주시, 곡성군, 구례군, 화순군, 순천시, 해남군, 완도군, 함평군, 영광군), 전라북도(고창군, 부안군, 김제시, 완주군, 순창군, 익산시, 정읍시, 전주시, 남원시), 경상북도(경산시, 청도군), 경상남도(김해시, 밀양시, 함안군, 창녕군, 하동군, 합천군, 사천시), 제주도(제주도서부, 제주도북부), 광주광역시, 대구광역시
o 호우주의보 : 서해5도","o 없음","o 폭염특보가 발령되면 가급적 야외활동은 자제하고 물은 평소보다 자주 섭취하시기 바랍니다.
o 실내에서는 햇볕을 막아주고 통풍이 잘 되도록 환기합니다.
o 폭염특보 발표구역의 일최고열지수(Heat Index)는 35~45℃가 예상됩니다.
※ 열지수는 기온과 습도의 함수로써 체감하는 더위의 정도를 온도로 지수화한 것입니다.
o 대구, 광주, 전주 등 폭염특보가 발표된 지역에서는 고온으로 인하여 건강에 영향을 받을 수 있으니 주의하여 주시기 바랍니다.","2012/08/18 03:32:55.000000000"
"112         ","20120818033000","13","문*만","1","호우주의보 발표","(1) 호우주의보 발표 : 서해5도","(1) 호우주의보 발표 : 2012년 08월 18일 03시 30분","(1)  호우주의보 발표
  o 현재 강수량(18일 0시 ~ 현재): 0~50mm
  o 예상 강수량(현재~18일 오후까지): 50~100mm
  o 총 예상 강수량: 100~150mm","2012/08/18 03:30:00.000000000","o 호우주의보 : 서해5도","o 없음","o 없음","2012/08/18 03:33:10.000000000"
"108         ","20120818040000","140","이*병","1","폭염주의보 발표","(1) 폭염주의보 발표 : 경상북도(구미시, 영천시, 군위군, 고령군, 성주군, 칠곡군, 김천시, 안동시, 의성군, 청송군, 영덕군, 경주시)","(1) 폭염주의보 발표 : 2012년 08월 18일 11시 00분","(1)  폭염주의보 발표","2012/08/18 11:00:00.000000000","o 폭염주의보 : 전라남도(나주시, 곡성군, 구례군, 화순군, 순천시, 해남군, 완도군, 함평군, 영광군), 전라북도(고창군, 부안군, 김제시, 완주군, 순창군, 익산시, 정읍시, 전주시, 남원시), 경상북도(구미시, 영천시, 경산시, 군위군, 청도군, 고령군, 성주군, 칠곡군, 김천시, 안동시, 의성군, 청송군, 영덕군, 경주시), 경상남도(김해시, 밀양시, 함안군, 창녕군, 하동군, 합천군, 사천시), 제주도(제주도서부, 제주도북부), 광주광역시, 대구광역시
o 호우주의보 : 서해5도","o 없음","o 폭염특보가 발령되면 가급적 야외활동은 자제하고 물은 평소보다 자주 섭취하시기 바랍니다.
o 실내에서는 햇볕을 막아주고 통풍이 잘 되도록 환기합니다.
o 폭염특보 발표구역의 일최고열지수(Heat Index)는 35~45℃가 예상됩니다.
※ 열지수는 기온과 습도의 함수로써 체감하는 더위의 정도를 온도로 지수화한 것입니다.
o 대구, 광주, 전주 등 폭염특보가 발표된 지역에서는 고온으로 인하여 건강에 영향을 받을 수 있으니 주의하여 주시기 바랍니다.","2012/08/18 03:57:54.000000000"
"143         ","20120818040000","26","서*수","1","폭염주의보 발표","(1) 폭염주의보 발표 : 경상북도(구미시, 영천시, 군위군, 고령군, 성주군, 칠곡군, 김천시, 안동시, 의성군, 청송군, 영덕군, 경주시)","(1) 폭염주의보 발표 : 2012년 08월 18일 11시 00분","(1)  폭염주의보 발표","2012/08/18 11:00:00.000000000","o 폭염주의보 : 경상북도(구미시, 영천시, 경산시, 군위군, 청도군, 고령군, 성주군, 칠곡군, 김천시, 안동시, 의성군, 청송군, 영덕군, 경주시), 경상남도(김해시, 밀양시, 함안군, 창녕군, 하동군, 합천군, 사천시), 대구광역시","o 없음","o 폭염특보가 발령되면 가급적 야외활동은 자제하고 물을 평소보다 자주 섭취하시기 바랍니다.
o 실내에서는 햇볕을 막아주고 통풍이 잘되도록 환기합니다.
o 폭염특보 발표구역의 일최고열지수(Heat Index)는 35~40℃로 예상됩니다.
※ 열지수는 기온과 습도의 함수로써 체감하는 더위의 정도를 온도로 지수화한 것입니다.
o 대구광역시를 포함한 폭염특보가 발표된 곳에서는 고온으로 인하여 건강에 영향을 받을 수 있으니 주의하여 주시기 바랍니다.","2012/08/18 03:59:10.000000000"
"108         ","20120818110000","141","이*선","1","폭염주의보 발표","(1) 폭염주의보 발표 : 경상북도(포항시), 경상남도(양산시), 울산광역시","(1) 폭염주의보 발표 : 2012년 08월 18일 11시 00분","(1)  폭염주의보 발표","2012/08/18 11:00:00.000000000","o 폭염주의보 : 전라남도(나주시, 곡성군, 구례군, 화순군, 순천시, 해남군, 완도군, 함평군, 영광군), 전라북도(고창군, 부안군, 김제시, 완주군, 순창군, 익산시, 정읍시, 전주시, 남원시), 경상북도(구미시, 영천시, 경산시, 군위군, 청도군, 고령군, 성주군, 칠곡군, 김천시, 안동시, 의성군, 청송군, 영덕군, 포항시, 경주시), 경상남도(양산시, 김해시, 밀양시, 함안군, 창녕군, 하동군, 합천군, 사천시), 제주도(제주도서부, 제주도북부), 광주광역시, 대구광역시, 울산광역시
o 호우주의보 : 서해5도","o 없음","o 폭염특보가 발령되면 가급적 야외활동은 자제하고 물은 평소보다 자주 섭취하시기 바랍니다.
o 실내에서는 햇볕을 막아주고 통풍이 잘 되도록 환기합니다.
o 폭염특보 발표구역의 일최고열지수(Heat Index)는 35~45℃가 예상됩니다.
※ 열지수는 기온과 습도의 함수로써 체감하는 더위의 정도를 온도로 지수화한 것입니다.
o 대구, 광주, 전주 등 폭염특보가 발표된 지역에서는 고온으로 인하여 건강에 영향을 받을 수 있으니 주의하여 주시기 바랍니다.","2012/08/18 10:49:25.000000000"
"133         ","20120830053000","70","김*석","1","호우주의보 발표","(1) 호우주의보 발표 : 충청남도(공주시, 논산시, 부여군, 청양군, 예산군, 태안군, 당진시, 서산시, 보령시, 서천군, 홍성군)","(1) 호우주의보 발표 : 2012년 08월 30일 07시 00분","(1)  호우주의보 발표
  o 현재 강수량(30일 0시 ~ 현재): 5~30mm
  o 예상 강수량(현재~31일 낮까지): 40~80mm, 많은 곳 150mm이상
  o 총 예상 강수량: 50~100mm, 많은 곳 150mm이상","2012/08/30 07:00:00.000000000","o 호우주의보 : 충청남도(공주시, 논산시, 부여군, 청양군, 예산군, 태안군, 당진시, 서산시, 보령시, 서천군, 홍성군)
o 풍랑주의보 : 서해중부전해상","(1) 태풍 예비특보
o 08월 30일 오후 : 충청남도, 대전광역시, 세종특별자치시, 서해중부앞바다(충남북부앞바다, 충남남부앞바다), 서해중부먼바다","o 태풍이 점차 북상하면서 시간당 30mm 이상의 강한 비가 내리는 곳이 있겠고, 서해안지방에는 150mm 이상의 많은 비가 예상되며, 강수량의 지역적 편차가 매우 크겠으니, 재해예방에 만전을 기하시기 바랍니다.","2012/08/30 05:28:53.000000000"
"156         ","20120830023000","82","신*진","1","호우주의보 발표","(1) 호우주의보 발표 : 전라남도(장흥군, 강진군, 해남군, 완도군, 영암군, 무안군, 함평군, 영광군, 목포시, 신안군(흑산면제외), 진도군)","(1) 호우주의보 발표 : 2012년 08월 30일 03시 30분","(1)  호우주의보 발표
  o 현재 강수량(29일 21시 ~ 현재): 5~20mm
  o 예상 강수량(현재~30일 오후까지): 50~100mm, 많은 곳 150mm이상
  o 총 예상 강수량: 60~100mm, 많은 곳 150mm이상","2012/08/30 03:30:00.000000000","o 태풍주의보 : 흑산도.홍도, 서해남부먼바다
o 호우주의보 : 전라남도(장흥군, 강진군, 해남군, 완도군, 영암군, 무안군, 함평군, 영광군, 목포시, 신안군(흑산면제외), 진도군)
o 풍랑주의보 : 서해남부앞바다, 남해서부앞바다","(1) 태풍 예비특보
o 08월 30일 아침 : 전라남도(고흥군, 여수시, 완도군), 남해서부앞바다
o 08월 30일 오전 : 전라남도(고흥군, 여수시, 완도군 제외), 광주광역시, 서해남부앞바다(전남북부서해앞바다, 전남중부서해앞바다, 전남남부서해앞바다)","o 없음","2012/08/30 02:35:46.000000000"
"184         ","20120830040000","66","오*학","1","태풍경보 대치","(1) 태풍경보 대치 : 남해서부먼바다","(1) 태풍경보 대치 : 2012년 08월 30일 05시 00분","(1)  태풍경보 대치","2012/08/30 05:00:00.000000000","o 태풍경보 : 제주도, 남해서부먼바다, 제주도전해상","o 없음","o 없음","2012/08/30 04:05:22.000000000"
"133         ","20120812181000","12","김*석","1","호우경보 대치","(1) 호우경보 대치 : 충청남도(당진시)","(1) 호우경보 대치 : 2012년 08월 12일 18시 10분","(1)  호우경보 대치
  o 현재 강수량(12일 0시 ~ 현재): 90~120mm
  o 예상 강수량(현재~13일 낮까지): 50~100mm
  o 총 예상 강수량: 140~200mm","2012/08/12 18:10:00.000000000","o 호우경보 : 충청남도(태안군, 당진시)
o 호우주의보 : 경기도(광명시, 과천시, 안산시, 시흥시, 동두천시, 연천군, 포천시, 양주시, 파주시, 수원시, 성남시, 안양시, 오산시, 평택시, 군포시, 의왕시, 하남시, 용인시, 이천시, 안성시, 화성시, 여주군, 광주시, 양평군), 서해5도, 충청남도(천안시, 아산시, 예산군, 서산시, 홍성군), 충청북도(청주시, 청원군, 괴산군, 충주시, 진천군, 음성군, 증평군)","o 없음","o 내일까지 충남북부지방을 중심으로 시간당 30mm 이상의 강한 비가 오는 곳이 있겠으니, 호우 피해 없도록 철저히 대비해 주시기 바랍니다.","2012/08/12 18:14:17.000000000"
"146","20120815202000","20","우*호","1","호우주의보 발표","(1) 호우주의보 발표 : 전라북도(부안군, 김제시, 완주군, 진안군, 무주군, 익산시, 전주시)","(1) 호우주의보 발표 : 2012년 08월 15일 21시 00분","(1)  호우주의보 발표
  o 현재 강수량(15일 18시 ~ 현재): 0~10mm
  o 예상 강수량(현재~16일 낮까지): 30~80mm, 많은 곳 150mm이상
  o 총 예상 강수량: 30~80mm, 많은 곳 150mm이상","2012/08/15 21:00:00.000000000","o 호우주의보 : 전라북도(부안군, 군산시, 김제시, 완주군, 진안군, 무주군, 익산시, 전주시)","o 없음","o 없음","2012/08/15 20:23:05.000000000"
"108         ","20120812203000","43","신*현","1","호우주의보 발표","(1) 호우주의보 발표 : 충청북도(제천시)
(2) 호우주의보 발표 : 충청북도(단양군)","(1) 호우주의보 발표 : 2012년 08월 12일 21시 00분
(2) 호우주의보 발표 : 2012년 08월 12일 22시 00분","(1)  호우주의보 발표
  o 현재 강수량(12일 18시 ~ 현재): 10~30mm
  o 예상 강수량(현재~13일 낮까지): 50~100mm
  o 총 예상 강수량: 60~120mm
(2)  호우주의보 발표
  o 현재 강수량(12일 18시 ~ 현재): 10~20mm
  o 예상 강수량(현재~13일 낮까지): 50~100mm
  o 총 예상 강수량: 60~120mm","2012/08/12 22:00:00.000000000","o 호우경보 : 충청남도(태안군, 당진시)
o 호우주의보 : 경기도(광명시, 과천시, 안산시, 시흥시, 동두천시, 연천군, 포천시, 양주시, 파주시, 수원시, 성남시, 안양시, 오산시, 평택시, 군포시, 의왕시, 하남시, 용인시, 이천시, 안성시, 화성시, 여주군, 광주시, 양평군), 서해5도, 강원도(강릉시산간, 평창군평지, 평창군산간, 홍천군산간), 충청남도(천안시, 아산시, 예산군, 서산시, 홍성군), 충청북도(청주시, 청원군, 괴산군, 충주시, 제천시, 진천군, 음성군, 단양군, 증평군)","(1) 호우 예비특보
o 08월 12일 밤 : 강원도(영월군, 정선군평지, 횡성군, 원주시)
o 08월 13일 새벽 : 강원도(동해시산간, 태백시, 삼척시산간, 정선군산간), 경상북도(문경시, 예천군, 영주시, 봉화군평지, 봉화군산간)","o 없음","2012/08/12 20:27:31.000000000"
"131         ","20120812203000","8","이*희","1","호우주의보 발표","(1) 호우주의보 발표 : 충청북도(제천시)
(2) 호우주의보 발표 : 충청북도(단양군)","(1) 호우주의보 발표 : 2012년 08월 12일 21시 00분
(2) 호우주의보 발표 : 2012년 08월 12일 22시 00분","(1)  호우주의보 발표
  o 현재 강수량(12일 18시 ~ 현재): 10~30mm
  o 예상 강수량(현재~13일 낮까지): 50~100mm
  o 총 예상 강수량: 60~120mm
(2)  호우주의보 발표
  o 현재 강수량(12일 18시 ~ 현재): 10~20mm
  o 예상 강수량(현재~13일 낮까지): 50~100mm
  o 총 예상 강수량: 60~120mm","2012/08/12 22:00:00.000000000","o 호우경보 : 충청남도(태안군, 당진시)
o 호우주의보 : 경기도(광명시, 과천시, 안산시, 시흥시, 동두천시, 연천군, 포천시, 양주시, 파주시, 수원시, 성남시, 안양시, 오산시, 평택시, 군포시, 의왕시, 하남시, 용인시, 이천시, 안성시, 화성시, 여주군, 광주시, 양평군), 서해5도, 충청남도(천안시, 아산시, 예산군, 서산시, 홍성군), 충청북도(청주시, 청원군, 괴산군, 충주시, 제천시, 진천군, 음성군, 단양군, 증평군)","o 없음","o 없음","2012/08/12 20:28:47.000000000"
"108         ","20090310012000","44","정*영","1","강풍주의보 발표","(1) 강풍주의보 발표 : 울릉도독도","(1) 강풍주의보 발표 : 2009년 03월 10일 01시 20분","(1) 강풍주의보 발표  o 예상 풍향 풍속: NW-N, 12-16m/s  o 해제 예고: 10일 오후","2009/03/10 01:20:00.000000000","o 강풍주의보: 울릉도독도
o 건조주의보: 강원도(태백시), 충청북도(옥천군, 영동군), 전라남도(여수시, 광양시, 진도군), 경상북도(영천시, 경산시, 청도군, 고령군, 성주군, 칠곡군, 상주시, 문경시, 예천군, 영주시, 봉화군, 영덕군, 울진군, 포항시, 경주시), 경상남도(양산시, 창원시, 마산시, 진해시, 김해시, 밀양시, 의령군, 함안군, 창녕군, 하동군, 사천시, 거제시, 남해군), 대구광역시, 부산광역시, 울산광역시
o 건조경보: 강원도(강릉시, 동해시, 삼척시, 속초시, 고성군, 양양군)","o 없 음","","2009/03/10 01:22:12.000000000"
"105         ","20090310012000","12","한*덕","1","강풍주의보 발표","(1) 강풍주의보 발표 : 울릉도독도","(1) 강풍주의보 발표 : 2009년 03월 10일 01시 20분","(1) 강풍주의보 발표  o 예상 풍향 풍속: NW-N, 12-16m/s  o 해제 예고: 10일 오후","2009/03/10 01:20:00.000000000","o 강풍주의보: 울릉도독도
o 건조주의보: 강원도(태백시)
o 건조경보: 강원도(강릉시, 동해시, 삼척시, 속초시, 고성군, 양양군)","o 없 음","","2009/03/10 01:22:21.000000000"
"108","20120815202000","107","이*선","1","호우주의보 발표","(1) 호우주의보 발표 : 전라북도(부안군, 김제시, 완주군, 진안군, 무주군, 익산시, 전주시)","(1) 호우주의보 발표 : 2012년 08월 15일 21시 00분","(1)  호우주의보 발표
  o 현재 강수량(15일 18시 ~ 현재): 0~10mm
  o 예상 강수량(현재~16일 낮까지): 30~80mm, 많은 곳 150mm이상
  o 총 예상 강수량: 30~80mm, 많은 곳 150mm이상","2012/08/15 22:00:00.000000000","o 호우경보 : 충청남도(공주시, 청양군, 보령시, 서천군), 충청북도(청주시, 청원군), 세종특별자치시
o 호우주의보 : 충청남도(논산시, 금산군, 부여군, 계룡시), 충청북도(보은군, 괴산군, 옥천군, 충주시, 제천시, 증평군), 전라북도(부안군, 군산시, 김제시, 완주군, 진안군, 무주군, 익산시, 전주시), 경상북도(상주시, 문경시), 대전광역시
o 풍랑주의보 : 동해중부먼바다
o 강풍주의보 : 울릉도독도","(1) 호우 예비특보
o 08월 15일 밤 : 충청북도(영동군, 단양군), 경상북도(예천군, 영주시, 영양군산간, 봉화군평지, 봉화군산간, 울진군평지, 울진군산간)","o 없음","2012/08/15 20:22:57.000000000"
"108","20120815211000","108","이*선","1","호우주의보 발표","(1) 호우주의보 발표 : 경상북도(예천군, 안동시)","(1) 호우주의보 발표 : 2012년 08월 15일 21시 10분","(1)  호우주의보 발표
  o 현재 강수량(15일 20시 ~ 현재): 20~40mm
  o 예상 강수량(현재~16일 낮까지): 30~80mm, 많은 곳 120mm이상
  o 총 예상 강수량: 50~120mm, 많은 곳 150mm이상","2012/08/15 22:00:00.000000000","o 호우경보 : 충청남도(공주시, 청양군, 보령시, 서천군), 충청북도(청주시, 청원군), 세종특별자치시
o 호우주의보 : 충청남도(논산시, 금산군, 부여군, 계룡시), 충청북도(보은군, 괴산군, 옥천군, 충주시, 제천시, 증평군), 전라북도(부안군, 군산시, 김제시, 완주군, 진안군, 무주군, 익산시, 전주시), 경상북도(상주시, 문경시, 예천군, 안동시), 대전광역시
o 풍랑주의보 : 동해중부먼바다
o 강풍주의보 : 울릉도독도","(1) 호우 예비특보
o 08월 15일 밤 : 충청북도(영동군, 단양군), 경상북도(영주시, 영양군산간, 봉화군평지, 봉화군산간, 울진군평지, 울진군산간)","o 없음","2012/08/15 21:11:59.000000000"
"143","20120815211000","19","조*석","1","호우주의보 발표","(1) 호우주의보 발표 : 경상북도(예천군, 안동시)","(1) 호우주의보 발표 : 2012년 08월 15일 21시 10분","(1)  호우주의보 발표
  o 현재 강수량(15일 20시 ~ 현재): 20~40mm
  o 예상 강수량(현재~16일 낮까지): 30~80mm, 많은 곳 120mm이상
  o 총 예상 강수량: 50~120mm, 많은 곳 150mm이상","2012/08/15 21:10:00.000000000","o 호우주의보 : 경상북도(상주시, 문경시, 예천군, 안동시)","(1) 호우 예비특보
o 08월 15일 밤 : 경상북도(영주시, 영양군산간, 봉화군평지, 봉화군산간, 울진군평지, 울진군산간)","o 없음","2012/08/15 21:12:44.000000000"
"108","20120815212000","109","이*선","1","호우경보 대치·호우주의보 발표","(1) 호우주의보 발표 : 전라북도(고창군, 정읍시)
(2) 호우경보 대치 : 경상북도(상주시)
(3) 호우경보 대치 : 충청남도(계룡시), 대전광역시","(1) 호우주의보 발표 : 2012년 08월 15일 21시 20분
(2) 호우경보 대치 : 2012년 08월 15일 21시 20분
(3) 호우경보 대치 : 2012년 08월 15일 21시 20분","(1)  호우주의보 발표
  o 현재 강수량(15일 19시 ~ 현재): 0~10mm
  o 예상 강수량(현재~16일 낮까지): 30~80mm, 많은 곳 150mm이상
  o 총 예상 강수량: 30~80mm, 많은 곳 150mm이상
(2)  호우경보 대치
  o 현재 강수량(15일 16시 ~ 현재): 40~90mm
  o 예상 강수량(현재~16일 낮까지): 30~80mm, 많은 곳 150mm이상
  o 총 예상 강수량: 70~170mm, 많은 곳 200mm이상
(3)  호우경보 대치
  o 현재 강수량(15일 17시 ~ 현재): 70~90mm
  o 예상 강수량(현재~16일 낮까지): 30~60mm, 많은 곳 120mm이상
  o 총 예상 강수량: 100~150mm, 많은 곳 200mm이상","2012/08/15 22:00:00.000000000","o 호우경보 : 충청남도(공주시, 청양군, 보령시, 서천군, 계룡시), 충청북도(청주시, 청원군), 경상북도(상주시), 대전광역시, 세종특별자치시
o 호우주의보 : 충청남도(논산시, 금산군, 부여군), 충청북도(보은군, 괴산군, 옥천군, 충주시, 제천시, 증평군), 전라북도(고창군, 부안군, 군산시, 김제시, 완주군, 진안군, 무주군, 익산시, 정읍시, 전주시), 경상북도(문경시, 예천군, 안동시)
o 풍랑주의보 : 동해중부먼바다
o 강풍주의보 : 울릉도독도","(1) 호우 예비특보
o 08월 15일 밤 : 충청북도(영동군, 단양군), 경상북도(영주시, 영양군산간, 봉화군평지, 봉화군산간, 울진군평지, 울진군산간)","o 없음","2012/08/15 21:25:28.000000000"
"133","20120815212000","36","심*보","1","호우경보 대치","(1) 호우경보 대치 : 충청남도(계룡시), 대전광역시","(1) 호우경보 대치 : 2012년 08월 15일 21시 20분","(1)  호우경보 대치
  o 현재 강수량(15일 17시 ~ 현재): 70~90mm
  o 예상 강수량(현재~16일 낮까지): 30~60mm, 많은 곳 120mm이상
  o 총 예상 강수량: 100~150mm, 많은 곳 200mm이상","2012/08/15 21:20:00.000000000","o 호우경보 : 충청남도(공주시, 청양군, 보령시, 서천군, 계룡시), 충청북도(청주시, 청원군), 대전광역시, 세종특별자치시
o 호우주의보 : 충청남도(논산시, 금산군, 부여군), 충청북도(보은군, 괴산군, 옥천군, 충주시, 제천시, 증평군)","o 없음","o 없음","2012/08/15 21:26:21.000000000"
"143","20120815212000","20","조*석","1","호우경보 대치","(1) 호우경보 대치 : 경상북도(상주시)","(1) 호우경보 대치 : 2012년 08월 15일 21시 20분","(1)  호우경보 대치
  o 현재 강수량(15일 16시 ~ 현재): 40~90mm
  o 예상 강수량(현재~16일 낮까지): 30~80mm, 많은 곳 150mm이상
  o 총 예상 강수량: 70~170mm, 많은 곳 200mm이상","2012/08/15 21:20:00.000000000","o 호우경보 : 경상북도(상주시)
o 호우주의보 : 경상북도(문경시, 예천군, 안동시)","(1) 호우 예비특보
o 08월 15일 밤 : 경상북도(영주시, 영양군산간, 봉화군평지, 봉화군산간, 울진군평지, 울진군산간)","o 없음","2012/08/15 21:26:29.000000000"
"133","20120815154000","30","김*식","1","호우경보 대치","(1) 호우경보 대치 : 충청남도(보령시)","(1) 호우경보 대치 : 2012년 08월 15일 15시 40분","(1)  호우경보 대치
  o 현재 강수량(15일 12시 ~ 현재): 30~90mm
  o 예상 강수량(현재~16일 낮까지): 30~80mm, 많은 곳 150mm이상
  o 총 예상 강수량: 90~150mm, 많은 곳 200mm이상","2012/08/15 15:40:00.000000000","o 호우경보 : 경기도(가평군, 오산시, 평택시, 용인시, 광주시, 양평군), 충청남도(보령시)
o 호우주의보 : 경기도(이천시, 안성시, 여주군), 충청남도(천안시, 공주시, 아산시, 부여군, 청양군, 예산군, 서천군, 홍성군), 충청북도(청주시, 청원군, 괴산군, 충주시, 제천시, 진천군, 음성군, 증평군), 세종특별자치시
o 풍랑주의보 : 서해중부앞바다(충남북부앞바다, 충남남부앞바다), 서해중부먼바다","(1) 호우 예비특보
o 08월 15일 밤 : 충청남도(논산시, 금산군, 계룡시), 대전광역시","o 없음","2012/08/15 15:43:20.000000000"
"156","20100320180000","25","조*환","1","황사경보 대치","(1) 황사경보 대치 : 전라남도(나주시, 담양군, 장성군, 화순군, 영암군, 무안군, 함평군, 영광군, 목포시, 신안군(흑산면제외)), 흑산도홍도, 광주광역시","(1) 황사경보 대치 : 2010년 03월 20일 18시 00분","(1)  황사경보 대치
  o 예상 미세먼지농도: 800~2000㎍/㎥","2010/03/20 18:00:00.000000000","o 황사경보 : 전라남도, 흑산도홍도, 전라북도, 광주광역시
o 풍랑주의보 : 서해남부전해상, 남해서부앞바다
o 강풍주의보 : 전라남도(고흥군, 여수시, 해남군, 완도군, 무안군, 영광군, 목포시, 신안군(흑산면제외), 진도군), 흑산도홍도, 전라북도(고창군, 부안군, 군산시, 김제시, 완주군, 순창군, 익산시)","o 없음","o 없음","2010/03/20 18:03:24.000000000"
"108","20100320130000","127","이*병","1","강풍주의보 발표","(1) 강풍주의보 발표 : 경상남도(밀양시, 창녕군, 산청군, 함양군, 거창군, 합천군)","(1) 강풍주의보 발표 : 2010년 03월 20일 15시 00분","(1)  강풍주의보 발표
  o 예상 풍향 풍속: W-NW, 10-16m/s
  o 해제 예고: 21일 오후","2010/03/20 15:00:00.000000000","o 강풍경보 : 제주도(제주도북부)
o 풍랑주의보 : 전해상
o 강풍주의보 : 경기도, 서해5도, 강원도, 충청남도(아산시, 논산시, 부여군, 청양군, 예산군, 태안군, 당진군, 서산시, 보령시, 서천군, 홍성군), 전라남도(고흥군, 여수시, 해남군, 완도군, 무안군, 영광군, 목포시, 신안군(흑산면제외), 진도군), 흑산도홍도, 전라북도(고창군, 부안군, 군산시, 김제시, 완주군, 순창군, 익산시), 경상북도(구미시, 영천시, 경산시, 군위군, 청도군, 고령군, 성주군, 칠곡군, 김천시, 영주시, 영덕군, 울진군평지, 울진군산간, 포항시, 경주시), 경상남도(의령군, 함안군, 진주시 제외), 제주도(제주도북부 제외), 서울특별시, 인천광역시, 대구광역시, 부산광역시, 울산광역시, 울릉도독도","(1) 황사 예비특보
o 03월 20일 오후 : 경기도, 서해5도, 강원도(영월군, 평창군평지, 평창군산간, 정선군평지, 정선군산간, 횡성군, 원주시, 철원군, 화천군, 홍천군평지, 홍천군산간, 춘천시, 양구군, 인제군평지, 인제군산간), 충청남도, 충청북도, 전라남도, 흑산도홍도, 전라북도, 서울특별시, 인천광역시, 대전광역시, 광주광역시","o 없음","2010/03/20 13:05:14.000000000"
"108","20120815154000","100","신*현","1","호우경보 대치·호우주의보 발표","(1) 호우주의보 발표 : 충청북도(청주시, 청원군, 괴산군, 증평군)
(2) 호우경보 대치 : 충청남도(보령시)","(1) 호우주의보 발표 : 2012년 08월 15일 15시 40분
(2) 호우경보 대치 : 2012년 08월 15일 15시 40분","(1)  호우주의보 발표
  o 현재 강수량(15일 15시 ~ 현재): 5~20mm
  o 예상 강수량(현재~16일 오전까지): 50~100mm, 많은 곳 150mm이상
  o 총 예상 강수량: 50~100mm, 많은 곳 150mm이상
(2)  호우경보 대치
  o 현재 강수량(15일 12시 ~ 현재): 30~90mm
  o 예상 강수량(현재~16일 낮까지): 30~80mm, 많은 곳 150mm이상
  o 총 예상 강수량: 90~150mm, 많은 곳 200mm이상","2012/08/15 16:00:00.000000000","o 호우경보 : 경기도(가평군, 오산시, 평택시, 용인시, 광주시, 양평군), 강원도(홍천군평지), 충청남도(보령시)
o 호우주의보 : 경기도(이천시, 안성시, 여주군), 강원도(강릉시산간, 속초시산간, 고성군산간, 양양군산간, 평창군평지, 평창군산간, 횡성군, 원주시, 홍천군산간, 춘천시, 양구군, 인제군평지, 인제군산간), 충청남도(천안시, 공주시, 아산시, 부여군, 청양군, 예산군, 서천군, 홍성군), 충청북도(청주시, 청원군, 괴산군, 충주시, 제천시, 진천군, 음성군, 증평군), 세종특별자치시
o 풍랑주의보 : 동해남부먼바다, 동해중부전해상, 서해남부먼바다, 서해중부앞바다(충남북부앞바다, 충남남부앞바다), 서해중부먼바다
o 강풍주의보 : 강원도(강릉시산간, 속초시산간, 고성군산간, 양양군산간, 평창군산간, 홍천군산간, 인제군산간), 울릉도독도","(1) 호우 예비특보
o 08월 15일 오후 : 강원도(동해시산간, 태백시, 삼척시산간, 영월군, 정선군평지, 정선군산간)
o 08월 15일 밤 : 충청남도(논산시, 금산군, 계룡시), 충청북도(보은군, 옥천군, 영동군, 단양군), 전라북도(부안군, 군산시, 김제시, 완주군, 익산시), 경상북도(문경시, 예천군, 영주시, 영양군산간, 봉화군평지, 봉화군산간, 울진군평지, 울진군산간), 대전광역시","o 없음","2012/08/15 15:43:28.000000000"
"131","20120815154000","15","이*희","1","호우주의보 발표","(1) 호우주의보 발표 : 충청북도(청주시, 청원군, 괴산군, 증평군)","(1) 호우주의보 발표 : 2012년 08월 15일 15시 40분","(1)  호우주의보 발표
  o 현재 강수량(15일 15시 ~ 현재): 5~20mm
  o 예상 강수량(현재~16일 오전까지): 50~100mm, 많은 곳 150mm이상
  o 총 예상 강수량: 50~100mm, 많은 곳 150mm이상","2012/08/15 15:40:00.000000000","o 호우경보 : 경기도(가평군, 오산시, 평택시, 용인시, 광주시, 양평군), 충청남도(보령시)
o 호우주의보 : 경기도(이천시, 안성시, 여주군), 충청남도(천안시, 공주시, 아산시, 부여군, 청양군, 예산군, 서천군, 홍성군), 충청북도(청주시, 청원군, 괴산군, 충주시, 제천시, 진천군, 음성군, 증평군), 세종특별자치시
o 풍랑주의보 : 서해중부앞바다(충남북부앞바다, 충남남부앞바다), 서해중부먼바다","(1) 호우 예비특보
o 08월 15일 밤 : 충청북도(보은군, 옥천군, 영동군, 단양군)","o 없음","2012/08/15 15:43:52.000000000"
"133","20120815161000","31","김*식","1","호우경보 대치","(1) 호우경보 대치 : 충청남도(공주시)","(1) 호우경보 대치 : 2012년 08월 15일 16시 10분","(1)  호우경보 대치
  o 현재 강수량(15일 12시 ~ 현재): 30~90mm
  o 예상 강수량(현재~16일 낮까지): 30~80mm, 많은 곳 150mm이상
  o 총 예상 강수량: 90~150mm, 많은 곳 200mm이상","2012/08/15 16:10:00.000000000","o 호우경보 : 충청남도(공주시, 보령시)
o 호우주의보 : 충청남도(천안시, 아산시, 부여군, 청양군, 예산군, 서천군, 홍성군), 충청북도(청주시, 청원군, 괴산군, 충주시, 제천시, 진천군, 음성군, 증평군), 세종특별자치시
o 풍랑주의보 : 서해중부앞바다(충남북부앞바다, 충남남부앞바다), 서해중부먼바다","(1) 호우 예비특보
o 08월 15일 밤 : 충청남도(논산시, 금산군, 계룡시), 대전광역시","o 없음","2012/08/15 16:12:26.000000000"
"109","20120708150000","16","김*욱","1","폭염주의보 발표","(1) 폭염주의보 발표 : 경기도(동두천시, 포천시, 가평군, 성남시, 남양주시, 하남시, 양평군)","(1) 폭염주의보 발표 : 2012년 07월 08일 15시 00분","(1)  폭염주의보 발표","2012/07/08 15:00:00.000000000","o 폭염주의보 : 경기도(동두천시, 포천시, 가평군, 성남시, 남양주시, 하남시, 양평군)","o 없음","o 폭염특보가 발령되면 가급적 야외활동은 자제하고 물을 평소보다 자주 섭취하시기 바랍니다.

o 실내에서는 햇볕을 막아주고 통풍이 잘되도록 환기합니다.

o 폭염특보 발표구역의 일최고열지수(Heat Index)는 32～35℃로 예상됩니다.

※ 열지수는 기온과 습도의 함수로써 체감하는 더위의 정도를 온도로 지수화한 것입니다.","2012/07/08 15:00:46.000000000"
"108","20120709160000","41","이*선","1","폭염주의보 해제","(1) 폭염주의보 해제 : 경기도(동두천시, 포천시, 가평군, 성남시, 남양주시, 하남시, 양평군), 강원도(홍천군평지)","(1) 폭염주의보 해제 : 2012년 07월 09일 18시 00분","(1)  폭염주의보 해제
  o 위 구역의 폭염주의보를 해제함.","2012/07/09 18:00:00.000000000","o 없 음","(1) 풍랑 예비특보
o 07월 10일 늦은오후 : 서해남부먼바다, 서해중부전해상","o 없음","2012/07/09 15:46:15.000000000"
